path,bytes,sha256
.env.example,100,636ae7f46edde1307f60ac9f0de12a9f6f5db8503d5673d0fc985ab12de787b9
.github/workflows/ci.yml,815,44755bef7327281985cb5fb4f99250a498f9e78a2a55d05f7c3b4feeaf52214c
.gitignore,368,69de29082cfa21cdacff5658469615e9f662389f5b5b6fb9a170ba99384c1070
.lovable/plan.md,5320,843874ee975f7cf1245b9027597aa9583610ab03b9e35b345fc272b6b5cd6c81
README.md,11678,71744bbe768bde61379c9f2db6c248cf3f3362c17cace68c0c08c84f18e27c20
THIRD_PARTY_NOTICES.md,4086,408f5c514293d2458ceeafb0c14b9062c35b5a6c8704d9204b4112b1025e105c
bake/.gitignore,31,10021eec32ec1cc125fc04777b59779535c43b20588ffb561a9bb11db348e8ce
bake/README.md,2870,21ba9a730b365aa5a90a1c7bff27c3f34203e68c83c83966bdbf79896c333eca
bake/bake_ee.py,7556,0f18c5a57de9689adfb9470dd3244517b7be6c15b102d407c37b49927cdadb24
bake/requirements.txt,66,e756b9e61b990cba7a505881da1ec21f14237833b95298e635352f5c77ad787e
bun.lockb,247038,00b5a356c5f3fdde930f75bcaaf727c56ef48bd4eed83cea97094a8b6a719e83
components.json,414,9820835141c54e5b5dfbb68b3c3790db73c9ebfb967884ae3fccd058d698a1a6
docs/COST_MODEL.md,7201,48bd03cfd49a09e2c2de4a0f476068771ce57ec44b5b78e77818e7dd11d74f72
docs/GEODATA.md,12317,acdfed722e1966c994535061f7e556c416b0efd677f3a8d22d9805809a69a93b
docs/PRESENTATION.md,2587,3660d6b5b701b66e884dff6786a534eb503e4513fd6e84a84e6d2204078c4b7c
docs/municipal-coverage.json,1844,041836c244b63a411225277232e7e4a46ae422e416718d74cd66cfdf3e320e09
docs/raster-audit.json,14558,0d5a52e83881f3d4d6b724aef76a9e3909be182ca58198e1eff183d9b47239e7
eslint.config.js,765,c55264234fef783629810643d995cd522c3adaeb60e7157906310607292015a3
index.html,1260,95a1a9bc4a07ed9ddc9a225f4618be8e1ca96185905fdfcdb6fc67f2bc2be7b8
package-lock.json,313767,4e9fd2595af5e23ace05d31f197c4eb0b4338f20c27765976a06e736cc1e7526
package.json,3541,3d2507c119e2257183a76f6afa63c8d9fff6781269b9c025b722bbf83cfa9a02
playwright.config.ts,609,23e381c7406bedbe79fc33c568e16f40b3c80c3c5fcdee322810aed66c7b44b3
postcss.config.js,81,e32657baf631d7c5f4dc67b4b2ee0ec8e7d5b3c41860e09cddce7c0377cd80bc
public/data/README.md,670,17c0ae8ef2b8a1f37c5acec2b67de2eb2cd694b128b079ace9ed3937bbbe1b48
public/data/bake_status.json,3904,7ab7039385014e256c837289cea5acba5bef05c4b16b6879cf425631ffa399d5
public/data/biomass_index.json,8273,cd2abe5cd33202159b17dc45f0f1be4b6bed586f1756981fb1df43681855c7a2
public/data/biomass_x00_y00.tif,675,c16cf82a7502b9f252661ae3a9b1dc375cfe96cd84ef7f9f33a574d9a5ce796e
public/data/biomass_x00_y01.tif,675,18aec1bc32e8063f12a00dcff36a146af1b7b9cfbd4791d4429474566a624f3c
public/data/biomass_x00_y02.tif,1474,1554a2129366798c5e6968342eb8392b24368b83b2f515f954315088ddb7b668
public/data/biomass_x00_y03.tif,2451,08f32550da851975a899a77c52065d951abdae73b73a03256d2163303e49c3a4
public/data/biomass_x00_y04.tif,2781,453dee8ae831ee049d5b6848b8fb8a4a8fc5b795dd8052591c42df022e5684d9
public/data/biomass_x01_y00.tif,675,f90477779685717ac5020641d325c4727185e7cfa0cb4508c0231c16e626a0f3
public/data/biomass_x01_y01.tif,675,f6ad2055c2f0f77c2f397345be8ddf37aab39558db29d37242ba0f325abfd1ae
public/data/biomass_x01_y02.tif,2048,e298cbc076326e1540ba6392e0fb694b1bc1166ba5472d0043abad02e14f9281
public/data/biomass_x01_y03.tif,2545,b1bd72a85f2a6d7c4c7cc07a57f61afa39ecfd4a512313cf63c7881bea37ce1b
public/data/biomass_x01_y04.tif,2549,2f7de7b92c62b12607fe8d78bda64aebc1cc9c5f8e97d4c3e627b3572be9d301
public/data/biomass_x02_y00.tif,675,d6fb4202223d07c288cefcf904e112d01e6ce1a50377445aa44c7286e73b9eaf
public/data/biomass_x02_y01.tif,675,9b4271a6191b05e78ef9fbe6e21d185fb517e87457cbd8a29a401a71dd448d41
public/data/biomass_x02_y02.tif,1529,0ff97e1b901a866f3d76f0444c758cd77ade182ba739d2b9388a594eca279fb0
public/data/biomass_x02_y03.tif,2544,24682683220ac9ed5da05353bb5cba437cd19d61e97ccba4e2cf2e0affea08ba
public/data/biomass_x02_y04.tif,2911,f4c273be2b05c81acce072b50dc04bf5828c1e42bf0248d12bb121ab53d2364e
public/data/biomass_x03_y00.tif,675,2f4a0bf65847da43dd743a2c8a4a830cbb2b1fad2b84ba72aa60bc4010927d41
public/data/biomass_x03_y01.tif,675,1acde39ca2dfaa210b31b3acee9c5127184de3d88a2fe4b74a14c4a627e22b2c
public/data/biomass_x03_y02.tif,1704,bf37ff9687517696fc3fd92a195dfc5e1d9b1dc521ca6a2005034c89ef90adfd
public/data/biomass_x03_y03.tif,2563,9c71f1aa73d7e0e5c97ac4536df2cd8058a250aa16c7a1945cbb5e9eb1676359
public/data/biomass_x03_y04.tif,2808,aa2f902b0da1e4784e00a81845250a9838aec4240e04234161a434ce15f2edff
public/data/biomass_x04_y00.tif,675,fb35f1a374700baaaa8644014c18e59af76ec224e6bd7ca9245d9f789068c4fc
public/data/biomass_x04_y01.tif,675,7468564f1d31d6f3c2e74203f6c8d83edb12876032bcc6770b318cd52ba42c1e
public/data/biomass_x04_y02.tif,2264,7217a2650a92ea10243a75f64c4986a17c2af440276015d6268c9bd7217a8936
public/data/biomass_x04_y03.tif,2714,0bf196ce8265d8076aae9e3a3e868c1c7863459c70b0b0b0647a0770b990617d
public/data/biomass_x04_y04.tif,3223,f8bd0e58857cdd589ace49efb0db0ca088c67c779f89518ab18a0852422d5cf2
public/data/biomass_x05_y00.tif,675,5a235fb50a5519b1636c67230927f1ffc3fa103e97623dc0d8a62b3d13305dc5
public/data/biomass_x05_y01.tif,1125,edd8cff1acd043a5c7c1583630fe74714da44af087dbad61eba817a8f996dfe5
public/data/biomass_x05_y02.tif,2330,e6e1b1db881061b90710c1aaba4f7afec024e85b3511c5cba4beb186d5488afb
public/data/biomass_x05_y03.tif,2618,25afffd9dc31d6100186e3e0a909bd3654d2bc87d677cc2f9f2cdade61465f79
public/data/biomass_x05_y04.tif,4296,f2d96b24f43162937a569cc5bb80d2074c911ac1b2cd8d45376e4bd8ed1cfe02
public/data/biomass_x06_y00.tif,675,d76ba406a2f32dafc4045b84999d58139d72caf79b43b5fab2cf3b1d154c23c9
public/data/biomass_x06_y01.tif,1219,f9b87f2a7af71579a37732af3276c019d360202b3e7858b3f611d496d1c4598b
public/data/biomass_x06_y02.tif,2547,eaf1d8f1e8c721d8a4c963291bfae9a4fb4971a1f82e1e59585bedfa81287a11
public/data/biomass_x06_y03.tif,2877,260a57967c1ea5350a36922a03b5eee9cae235158d80ccf1e745de1531be1122
public/data/biomass_x06_y04.tif,4112,c0b0b060d83c4f43a4ad9d23e1ecc205d3cd9ad7f118369825ad69f8d3c1e76a
public/data/biomass_x07_y00.tif,675,90a3230938ef9fdf1bc25132ff7d7cf134d47e33e17e2a0933aae7bee1e52aef
public/data/biomass_x07_y01.tif,1129,aac0d281ae303cb6790c056a9a589013620e19ecb456806c16e086d270b978fc
public/data/biomass_x07_y02.tif,2745,9e737c389be7493ae200394ddb67bd038947432090e1f6140b30cc31e5c80a12
public/data/biomass_x07_y03.tif,3153,390375783a7181cbfb1991cc448a729ead4a4b7e476438913831b3805fb2652f
public/data/biomass_x07_y04.tif,4860,efea7446f22058a99d27b0431c47288221aac14656fb4f24096e4851be773288
public/data/biomass_x08_y00.tif,675,af8be62d282b26df4435693ef10f3984c2d75c2e0722baff525dbcf213ceb73c
public/data/biomass_x08_y01.tif,675,a849d2a4098f9a454008f2c39b717fd76f778b881bd0de44c82c93b28f665105
public/data/biomass_x08_y02.tif,2726,54632f770b88ffee71d65b07f13209521f725ec061f66f3cf30c4bcbceafdc86
public/data/biomass_x08_y03.tif,3158,ea8d0da3fa70881743a9be7ce305d3810fb1cde236c742b733fcbed954863d94
public/data/biomass_x08_y04.tif,4235,1100d3e26f86c5f92a625fcd6a443f93bfb428a2eab156fd759183cec52b6496
public/data/biomass_x09_y00.tif,675,f76db8db882ca001cd25b9aaa6de5ebda2018e72b4e2b8e55097f0e2488ded6a
public/data/biomass_x09_y01.tif,675,8db8d466164f94666154565ef2fbd7116815c653ce42149caf7f3270e81466a8
public/data/biomass_x09_y02.tif,2009,7e6bbbffde4164cd7fbcdf0f87a42ed797bdec26db9a43b9c63c3bd7771a24fb
public/data/biomass_x09_y03.tif,3119,84b325c2a176637e4f2e4b8d3d1e4b4d0f2da7194db026ef41efe578cf5b902d
public/data/biomass_x09_y04.tif,3941,352497a416c6f9adb023101e6fd92ce233de60a24ebd8c9d6534915bc31da7b1
public/data/builtup_index.json,8273,a8d87eac7d2e890e8522b2fa86ac5a70db81404bc26ca4f7b0ce249cdaec199a
public/data/builtup_x00_y00.tif,790,b211cb6061a5ce5b23a628c7a03969bef52ca5d7db27873d98779c452d170038
public/data/builtup_x00_y01.tif,790,1f786bb459ae7da78c407edc613ee9434815ff5bfdfd66f39989d75465433518
public/data/builtup_x00_y02.tif,1213,f0c377be04fdaef38155bb95dc273ebcb3612ace41dcb66704f5835d7c97cfb4
public/data/builtup_x00_y03.tif,2008,c7015ff2da1327bb4a382cf337f627d8c9e2cc8ebba2f3c89232a1c09a8c7b92
public/data/builtup_x00_y04.tif,3111,bf44008fde83a9e99bc8c4e12410dc3371bb75b19163409472e7e527f1cb5ad7
public/data/builtup_x01_y00.tif,790,83fbb2c6ba98f3926636e6683b22d76630483f3d664624dfb743990ee0caac83
public/data/builtup_x01_y01.tif,790,56af3ed5e97f63056b905efc6f3f6706293f516b7ee4641487c40dca4c5005f9
public/data/builtup_x01_y02.tif,1900,77490e2a94a1ffe67a4fa9c9cfad3cacd86190020e55875d36000b3d04ea518c
public/data/builtup_x01_y03.tif,1850,09b07f1f0c29a8e9187fd1d4d35e76019bca7949eba6bbb69c46ffbbb8e195c6
public/data/builtup_x01_y04.tif,1438,d5331d4937b890baa48bcc2de1619122b6808f4518d3077211fd9a059fec7b6a
public/data/builtup_x02_y00.tif,790,a22957b17c21bdff80809e16686446ff4a5bd33128c4286e2c8463f79b149574
public/data/builtup_x02_y01.tif,790,2088be9ed4b28a30bc6f16f2696b0ab24624a79573a0122d1a42224455ad2c3e
public/data/builtup_x02_y02.tif,2796,6c4fadc81a86fa079797778caed2538e5038060b0ac39ad96d50b3c924893dca
public/data/builtup_x02_y03.tif,1093,6402c3b168f2eb56b9fe1264821171db3bb10499bf5b0dfe56b083927fffcc7b
public/data/builtup_x02_y04.tif,1725,b948b3ec2acca6ef0987f62143981434f7673bf23e6d1ab868856fd0542203cb
public/data/builtup_x03_y00.tif,790,38ce3efc8db9b4d099bdca4069814ea93eec8f2f50f8043075701da0c49f5ee4
public/data/builtup_x03_y01.tif,790,bbc13893d8bfbdacad461f9bd0ad11c2954b57d2f8283e9a623f3276e2eb7a78
public/data/builtup_x03_y02.tif,2668,53c2da925f14561736e6d6cc7764cce9fc198cb4652940437fb4f9d5ed66cc11
public/data/builtup_x03_y03.tif,1248,05d9bf494a09dba1420da395e1ed88f1ce1c116525144c7f38167e1a1ca4fcbf
public/data/builtup_x03_y04.tif,1171,c1e25029aee76441c737f4734d9c95b75e3de0f8e2ec89c0447fd21931ceecb4
public/data/builtup_x04_y00.tif,790,9b14fbd11ea41ff4fd96325500e291d7ad1d8c9866eed5cdb5d4c04541f9427a
public/data/builtup_x04_y01.tif,790,abc749da1004340ca9f66f4180546e6c4e988ceee7f3b2c9210cd844cb041081
public/data/builtup_x04_y02.tif,2161,624570136e57d7d899a3b9eb5ff6f23a6b222aee611f284da7189592d0357643
public/data/builtup_x04_y03.tif,1121,b9166afae80f0444b9159466763369b09abbead97b91a66192ce0686e50982ea
public/data/builtup_x04_y04.tif,1395,4e957c3343c33b184202103f8142e9de1f061d8ecdb42b532d43878ceff4f758
public/data/builtup_x05_y00.tif,790,9540f66c28f10f6082e7cf502e8265d1a4e4674213ccdf156470f778d8f5f85f
public/data/builtup_x05_y01.tif,1363,0ce75870b97e794711337eda6e2ce62a7a7103ae029f66bf35d634e4ccd065ea
public/data/builtup_x05_y02.tif,1139,48a329a95eee238cb8cea9f00e0d1cb4173938c08a51fcfbaee498f3d549887f
public/data/builtup_x05_y03.tif,984,658ffafcc631dee454502da862cb5478330367bbc4edd52c7f3ed03784b50965
public/data/builtup_x05_y04.tif,966,8fb24451e518ec3bac21b54108ad80a47a467f65b71bd63714dc49b9e66b6799
public/data/builtup_x06_y00.tif,790,f39caa59d1797e88213a07a3f7131c468a2669ecc4098985d63b6bc3566a7839
public/data/builtup_x06_y01.tif,1063,32bd4b8b2a95724f814295d7158def6a8131582fecc04aff94a2926db714462e
public/data/builtup_x06_y02.tif,1253,eb28239f39fbb66cdb3d462ea1f7413c427fb7f996caf2326a996228b2273657
public/data/builtup_x06_y03.tif,1443,6a0a3647934510e92b320c1cff5a8308b3ef7689fa14396b098a6146b0b86e9d
public/data/builtup_x06_y04.tif,1244,a93324c1c2136854bb22f2901237e2c50194d88bdc31ed263daf55ad7265eaf1
public/data/builtup_x07_y00.tif,790,b2fc3b2a1455de7804c1671424e3c740ea1f879b701703a977eff43167f51ecd
public/data/builtup_x07_y01.tif,1473,f14293ae68ac0f00ee8c83b4b0e5d377d1a55f0118477bb371ef697f3d7ed3b4
public/data/builtup_x07_y02.tif,1263,3c0acc8c81eb62db419c6926bfd8e68c1836a9563b8f437fe4cfd9e9c24ea2a6
public/data/builtup_x07_y03.tif,1179,9a0e12cadaa291f4bfed4878a81cc1afcb0d3982840fb2dc8329d7ddbe62564d
public/data/builtup_x07_y04.tif,1047,c66883a3798404bb8a0238fc45e92426d2761ab0caee3ca2af2e06810ece6929
public/data/builtup_x08_y00.tif,790,11dbd312f3fd52bb2aea90470d9076e23437b7788f1e6aba2e21643227336f17
public/data/builtup_x08_y01.tif,790,7f91fc76d215b77ff7ad4dc9521c09379188bd16cab3510517222b3c5c43c767
public/data/builtup_x08_y02.tif,1759,d71bdc5e31bb0273e8e4887bb7f436f03d821fda13e31a4224a7c1ab6db7c0b6
public/data/builtup_x08_y03.tif,996,6fec403963a9754a43c5a9b336088cffd555b20c8403c12c3c702af4a7b49ad1
public/data/builtup_x08_y04.tif,923,e24f6010ed0bea335847e99beca4c99877670df634a4738668fbf3c5664b844c
public/data/builtup_x09_y00.tif,790,90e49b7e57160bbf8989b6602e84799bbed58af28e017bc15e1b0b548846e717
public/data/builtup_x09_y01.tif,790,d28cc122ad903f10ce179ca388542b5b681db6f4fd652ff65b59a1175dab5361
public/data/builtup_x09_y02.tif,1525,a936d5aecadb09641514b11f5061435311a1b65d79be58f23c8e1e360dc158ba
public/data/builtup_x09_y03.tif,1067,9e4c79a6d02ee61d7722d99190099ddd7add4ebf874bae44fe0c7397a419a90f
public/data/builtup_x09_y04.tif,1847,5dfbf6448af8793645e11710c28d70d71441de8c1de7b71dc174f501a0a6c361
public/data/canopy_height_index.json,8573,17700ead6f8c38e18b34b083c186418a7bc15c8dc5353ccf4cc3e4178e3563e8
public/data/canopy_height_x00_y00.tif,830,78c58631f26c116e19913c2d5c804eac45cdc789335c4615ea9af4d7b06bb299
public/data/canopy_height_x00_y01.tif,830,ad45c8b49fb272dfac4c2c80a6408962889b1f7e4c231c669a6780d33c161f7a
public/data/canopy_height_x00_y02.tif,3560,767a6c675071900bed721f4dfc5ae790b54fdc1c7473be8b18701e18eea260b5
public/data/canopy_height_x00_y03.tif,10183,8d5d11bc84594f07d018a30739aca95768307ae513f93b6ace0aefa3bffbfc9c
public/data/canopy_height_x00_y04.tif,11461,ae1d150e7dff817b526b13a020c3caba7ca1962db3dddd18ab08bb04b7f8dc4d
public/data/canopy_height_x01_y00.tif,830,f353d47bd80565fe338c9b01c7f8c12db11a243204ec29e5375f3b292bebc8fa
public/data/canopy_height_x01_y01.tif,830,701d448aaa733f4081d9e80c18606e22eecc349f9ce086be2d352f6ce24f545a
public/data/canopy_height_x01_y02.tif,7169,2420c63fb351f79dfa4191008761d453a17c0be7720ad4f20a9222c600cfbd13
public/data/canopy_height_x01_y03.tif,9588,26da45d65cc9bf46776cf334b89b92cf5e3787505f4ef7b5ff22ed59eb959f96
public/data/canopy_height_x01_y04.tif,10023,6fe3605a9303e1786a47d03a381371f196ef77274425af8198e375686d4e5bd3
public/data/canopy_height_x02_y00.tif,830,8123a8f768c10e11d8495333a3dc0c3769861dd152a2402e2fe87b9c333eaf41
public/data/canopy_height_x02_y01.tif,830,4b051efff834b7ee78fa2a033fa50e0be3c424392d4e8e8836775e83c8797c57
public/data/canopy_height_x02_y02.tif,7128,1bd7c278dea7804f2396e5444af1cbd88fe25c3d1242ead0c7f75b4155fc829c
public/data/canopy_height_x02_y03.tif,9727,f1c5dedb0c2af077744cacd84e5d3dd215caeb7637426027889a140810822bd2
public/data/canopy_height_x02_y04.tif,12513,4467d92a126ca14fe6c1526fb9a3cb6b618b992bd75341b08a07c2281c231f66
public/data/canopy_height_x03_y00.tif,830,e50016fd491db3281db7538b6d07a8bda9140b084b9e29e3c33d94ab20825557
public/data/canopy_height_x03_y01.tif,830,87ef55ac05ceca75dcb391ffc69b1001ab9a07d69bb7f6cfb15c13d1c8eb8be2
public/data/canopy_height_x03_y02.tif,8640,3362399be76af80c06d8c08cd55da0a23226d26b49dc40688d0656d68bb81946
public/data/canopy_height_x03_y03.tif,9873,9ab95d424b8c73305b93f46222cebe0be322248c446045378af11c2b264606c6
public/data/canopy_height_x03_y04.tif,11710,57452d2a20666321b47b3b3fb8faa5a607470d21c56966f6b9f4d42a9957cc6d
public/data/canopy_height_x04_y00.tif,830,f31b570e9611889920aa5a007d57d606f6114b29e210bf5e0b0486ef91e135de
public/data/canopy_height_x04_y01.tif,830,ded4fd2f82215254e87945a5f0fd00a0090021204af77a51828bb3795cd6367c
public/data/canopy_height_x04_y02.tif,9297,690e367bc903b7bba07eedcc468673e53fd9641c59acbc63e12375f53a99daea
public/data/canopy_height_x04_y03.tif,9192,256a63bac4c4dc3e1c0d8acab3388c89f543d3bca82414579619ff6b45f5904d
public/data/canopy_height_x04_y04.tif,13421,9baa59d5b13cf5321afcffa4fc6d7fcdf0a162ac825cc27b5179214bd779dd83
public/data/canopy_height_x05_y00.tif,830,8d4fbf19fdadf2d825b29493f15164a3809201bd31ef810d7c4eebf9f5964044
public/data/canopy_height_x05_y01.tif,2458,1cf45e048b2e94ab05e539fcb5e4030786ad1f2bed8523bf3f8ef97eb8b83683
public/data/canopy_height_x05_y02.tif,8157,61851b908386abf8be9555e3d2a15e7f30cc9f78e28eaccf5f23693b26840289
public/data/canopy_height_x05_y03.tif,8687,589f67c83f3626a129945478cf17ffb8e21753faffee0ecceb36dc95a0a0ca57
public/data/canopy_height_x05_y04.tif,13760,643ac1b38bdfdfd82af29655d13105d4337638df1224deec7eb2b37a2b340fee
public/data/canopy_height_x06_y00.tif,830,899a8eda5ebd7e0226f295c63a2c4fb161709487d14f0024ceb8f604a1dc6a80
public/data/canopy_height_x06_y01.tif,2842,48577e783c2a774b7e23fbdbe85bb343d781e291ce19e01575217fef1e932d06
public/data/canopy_height_x06_y02.tif,7713,c3118a1908270a54f3e56cc64fefe34b1d272f9db3d2f25ee6fb7a54048f407b
public/data/canopy_height_x06_y03.tif,10609,7a32973c067888e5f28f6aa52a4a3ec5f3f101b7ead1b26539c742dacc586b7f
public/data/canopy_height_x06_y04.tif,12114,b1c8658c73c61a11189fcaf25d10261da191595525f6dfe0eb969396189aa91b
public/data/canopy_height_x07_y00.tif,830,590bbca099bbde49baf1dec207862bec9320ecbd0aae20573aab2a0195c38860
public/data/canopy_height_x07_y01.tif,2954,268f087559e8a69784cd92dd8f2b7904f664cfad55d9b8ef1fc5d717fa3928f8
public/data/canopy_height_x07_y02.tif,9234,ea1cf87458e0bc33328616cea8ad7ade0b564b6594ffb518b32ce9c06f88e02d
public/data/canopy_height_x07_y03.tif,10496,17f4047ebcba65dacbbe853d85a00aad3c341b2fbd71e040a012959c05ec2aee
public/data/canopy_height_x07_y04.tif,13780,80b426f772eeff359d381821f8b3872786737bc099921023e868618aaa8e29f3
public/data/canopy_height_x08_y00.tif,830,c5ecefce84d0dc1c575061a9cebdda1c8043c5936ebebc5011ad86e3438cfb35
public/data/canopy_height_x08_y01.tif,830,ee172fa70671506c0f169d987b459164c8cb8a962d099e3b3b47f0e86fd43c0a
public/data/canopy_height_x08_y02.tif,9075,53875103d53962b6131a62dc522d4e9a39da7f2bd55e372b688f34821dab9ad6
public/data/canopy_height_x08_y03.tif,10244,93396e7af0b6286cc6cc26e2bd618964b464c98c90bc1b26a5afa6880ede09df
public/data/canopy_height_x08_y04.tif,12235,2371a35c7f069a5ceaad4c96082fd5b53cc2d66765f4c2619951cf0ff0ebeb73
public/data/canopy_height_x09_y00.tif,830,6a732e624e3d07b5fddd6224ba6349b0f45d8c3d9c7941a34dd48bc07665e785
public/data/canopy_height_x09_y01.tif,830,fc77c2512b5b1c073c7d430be210de33dab6dd414b29895a9010619da5532818
public/data/canopy_height_x09_y02.tif,6351,38c4835659a0cf955e776d119f623de9dd7ffb1d9d48784d21457ceaa5461d1b
public/data/canopy_height_x09_y03.tif,9474,1395d323f1892ba55a0e886df8b0fae3eb510b7319b32d7c131f48086bf698c1
public/data/canopy_height_x09_y04.tif,12781,7a082dae8c47ad0366c5228fc8cae7d7d56fc50f2cc8103cf75b828fd6b9cb7e
public/data/elevation_index.json,8373,091be198f818c498c14ed57699f38addd5b37ccbdc53356e5bbbf5b0e3135d34
public/data/elevation_x00_y00.tif,702,021c821bc792128081f45c8a341ffd31d59614ce2ee6e4df06e4dd75a7b7b579
public/data/elevation_x00_y01.tif,702,361a8cf06d7c256c56fc6e3b56286c2f63e0ba61c1a37c44f501da8af5a6a07e
public/data/elevation_x00_y02.tif,3244,b4dc9ddfacb5dbd6b61ee1cbfdc5f517b798ce0cfec30cb95f7622849f2d2e17
public/data/elevation_x00_y03.tif,8396,b42da939c6a054e62da3327b3f3a27dd5fd0c6185f41c432aad3709629763f46
public/data/elevation_x00_y04.tif,9492,f7713f582ec3ac94adb7340fbf31e40c2cae44dcf2dac0def39675b31741d09f
public/data/elevation_x01_y00.tif,702,406870bbe962a6cc51520038bbcf167dac73e943765ab2112b3fbdc9ef4f02a3
public/data/elevation_x01_y01.tif,702,83eb482845e675b781227f3842d89582f7145edcc7e74afaa801183a41153ad1
public/data/elevation_x01_y02.tif,5429,b4d93ad454fbc3348f048ec1ef64fa47beeadcf7f9fc51e17ecab6ad22aa8bf0
public/data/elevation_x01_y03.tif,9449,aa7ef69808c338eac4b9882191e0cc1eeb45a1984c3b11e8911834d57cd62751
public/data/elevation_x01_y04.tif,9133,ebe976928ec0ee2c3a814a95ea3deb15f18e489bbcf4235f2854b3f60e635c58
public/data/elevation_x02_y00.tif,702,a806007375436dafb6ae7ab6a012c16ce37df68d9087ebab39d5322d424206f3
public/data/elevation_x02_y01.tif,702,7650d6187c33bb1364ec5f01ddbc3c723809e39cac03acc063e8b71815ddc74c
public/data/elevation_x02_y02.tif,5568,540fbbf45b654534d286d967de955bddac1afebe1025cadbcb8ee5ddb0f63219
public/data/elevation_x02_y03.tif,9632,51bd04cfac2035c872d98cdf87d94b400ce2f3061b346e3492c51a80602a80a3
public/data/elevation_x02_y04.tif,10615,71da7f6ea58c02da626dad52786bed0a98980b18b1b7a16a19d7abaf65f5772f
public/data/elevation_x03_y00.tif,702,121ec8e614d56819a07e1476deb37a3fe00027876c1547830972a1060eb4a596
public/data/elevation_x03_y01.tif,702,3a2411320b8aed7da8294c76162f652b5f9cc1d7ae621b65a76858ddde535c3c
public/data/elevation_x03_y02.tif,6978,28d5b942c63dc1f58eaa2f440fc49a88f3c686e25cb9f6b6d77a99d214d6e553
public/data/elevation_x03_y03.tif,9671,0d40ec4f198cd14b6aaa6df98b0545979a7d2d09a4d793ef902fbeea2cafd227
public/data/elevation_x03_y04.tif,12301,21bf37afaceeff50c600ea19303fc93fbf7b16cd88f92b8d403d1548f484238a
public/data/elevation_x04_y00.tif,702,16eebf2e14f3a16c49617843861d153fd514e58cac2980d1d699ed4cd5bef3f0
public/data/elevation_x04_y01.tif,702,b963a82ff38f733328540b9aa4b9b63a7c75890ab69b2915821012028b70b149
public/data/elevation_x04_y02.tif,8534,8901f8db72b2a1e0be6df93476d50cd1f33e87596090243d68c94905025f93c8
public/data/elevation_x04_y03.tif,9399,b68a9c3b39f04be2de741b41419591cb9d56ee4ef0203a99623bf6459744839a
public/data/elevation_x04_y04.tif,13171,eb96b12e394d27ee2a46c9d6f5f0f62094e0e154477ac13b784dc0b9f5023bd0
public/data/elevation_x05_y00.tif,702,36fbee5cff10b1763ea9e1c34be0e06333f32ef9dc1670ebce9244ce7cdf448a
public/data/elevation_x05_y01.tif,1814,6239e032a5ba0d29433ead0b69ca654a71f8dcf8ccba1db3b6cbf0f16e7f57c4
public/data/elevation_x05_y02.tif,8335,19a037955de02c319e92d108e93b0c3b7c871fddbb68223a0c26470c78ad997e
public/data/elevation_x05_y03.tif,8732,30ca876a8a5e0ebb17fab75bb39fd4c2c09d9c400cc50da727522102ce701722
public/data/elevation_x05_y04.tif,13217,5b69ad71eec9714cfdbe66cc39d0debb22c8cdc3bde90ba5b44c06324c3e6fa3
public/data/elevation_x06_y00.tif,702,929d01e8016c2f5fefea1dc953cca4c30eedf76d0915add71b0108c57f8edf65
public/data/elevation_x06_y01.tif,2559,975ff43ac2a81abbba8d9d9073186dc5d8a534d2dff6cd04ae89b70621787b27
public/data/elevation_x06_y02.tif,8380,42914c74465b4a1711b8aec350cdea5c40019793a0baa84d354d052d037400d0
public/data/elevation_x06_y03.tif,8928,beb269b53633545c62f4b24eafc60cade3c5e9a538dbd994fd3fc1ca8d28f286
public/data/elevation_x06_y04.tif,12672,11519739f5756c1d72e5675f55a0224bc057c0975403dd726524e2dd34a811df
public/data/elevation_x07_y00.tif,702,5a59a2b3a496ca1504548339162e09e646e7e5c375bda85dd9ba96ec30fc36d4
public/data/elevation_x07_y01.tif,2336,7550b7b4eea81733c5385ef04731b0c27440233245b1d734f534f180facf6416
public/data/elevation_x07_y02.tif,8830,1bb8f312a0fb3f7bbddd182ec6493b6fa15593a22bf769b755920baea5eb5deb
public/data/elevation_x07_y03.tif,9387,1c842d4e0247480d99ef6ec1a626ca484325df189c41f9e3b30f20f2c77f819a
public/data/elevation_x07_y04.tif,14692,552b96b6a1d859537b75a6e307723f20a0c06506ffa198b86c4ed25a1802f6bf
public/data/elevation_x08_y00.tif,702,2a99cb48574b6e4771eb963b74855a49fc8b49d97e7524fe745f0d0bb19fdd13
public/data/elevation_x08_y01.tif,702,b952bc28d09ccd433e9c815742590ac8bc72d4bcdc00ff5dee2a8a4637505a60
public/data/elevation_x08_y02.tif,8066,eb2bb6d28adb9b8402a3a399cff1c0f42b7bf298d30ef929c05fb62dc2720fbc
public/data/elevation_x08_y03.tif,10058,ddc9fc3ca3e180dd76952a2798809ff7ad34d3b4bc16ef4420b572f601d6b3e6
public/data/elevation_x08_y04.tif,12572,c16c7bb0d925aabdd17271bbabef9b0985621113df86b2dd504e7bea06dfce27
public/data/elevation_x09_y00.tif,702,65bd4ec37fbfc8d12ace14e3c7c8ee23150290051660dbd4397488fd6945f62f
public/data/elevation_x09_y01.tif,702,92f0251c4be189c90c8a44e5f5b4bee2f371ed6929db5b02f4ba775f32e9e622
public/data/elevation_x09_y02.tif,5393,09b5c897496021eaeefc58738868774d2ede55abd2e490de52bc1eb444c7cf43
public/data/elevation_x09_y03.tif,11356,963ab198698bd1d80524fd9668d7a153cf81ca482254823bbd35a76b771cf9f8
public/data/elevation_x09_y04.tif,12123,faead0f3c646fac42d165273260f1795eb3839480029a762b514a0817a0a47c0
public/data/hand_index.json,8123,2166bf2c740301f4ffaab9d8c62d4ffa6410e11c3c6849a595c8c3c208c628b4
public/data/hand_x00_y00.tif,793,167e27675388d6598a3333a952292c810e972301dca940203613f31d49b6c627
public/data/hand_x00_y01.tif,793,37697b870a15c20dd748686b134a9997bf168f012ef7c8b05a22c80b56ea0a3f
public/data/hand_x00_y02.tif,4383,d9f538c83c4432864752d3a0c34d11e0b21ece5dba6fa221b671c5d77bd37842
public/data/hand_x00_y03.tif,12034,72a2bdb0e66ce81328ed6e7f1b4fe0b3f199eb94329015574b4613baf10301ac
public/data/hand_x00_y04.tif,13390,c7c5c6e37c5f808dadbf85640e6d6dc6cb5783d0044001f9b50fc00fe428c8d3
public/data/hand_x01_y00.tif,793,5bdcd233ff82398cb410b78a4d28a366e4bd21e3b3760567dc90fb2cd1501aa0
public/data/hand_x01_y01.tif,793,e12d9bb24f48968aca9a9e53e8ed09ac036eb05b1e3aa9ebc4aeeed67f05bcd6
public/data/hand_x01_y02.tif,7744,f1c108f6624d50c42589ba6b75991b36fe8cce6e34348297071cfb7355582e5e
public/data/hand_x01_y03.tif,13985,4674e73333089cc2f3d303a279cb98f82d631b72478957f63856f6df263b113c
public/data/hand_x01_y04.tif,13433,903b78697149f1e5d0e27f1509ec23608f1fdb5966dc7e21102d1cf7a817362e
public/data/hand_x02_y00.tif,793,8a6e0cf48c4a74cd4f59eab7f1e095db37823223b9afb0c8f0e685f92159e016
public/data/hand_x02_y01.tif,793,1ec493aaf4588d0de92cb68538ae1060357d7d6b606f17853176b59d52a854aa
public/data/hand_x02_y02.tif,8028,869831dbee52580dccb778a939a2077cdeb57dd77d64b96e16e2c07bf9eafdb1
public/data/hand_x02_y03.tif,14241,30dedf0b32f8a768dcc0f5e80f72f2ded65a72d5ef85889e34a6ada4772788b8
public/data/hand_x02_y04.tif,15150,eb040efacbae897e2ab81d12f670f16b1e4d9349c95f3067f88c6d6eb48a501d
public/data/hand_x03_y00.tif,793,9bea3cad40f6f7ad7a980869280c584bbbdf42a721a2c5fdf4df94d558f107db
public/data/hand_x03_y01.tif,793,df1b280c814453667dc3140ed0e619b1ccee2a616b1363203c37b327b6fdd783
public/data/hand_x03_y02.tif,10182,aa4dbda3cc799e3ff150bbb357d0ca20dc4c3a20fe4eac66c9ffe096d4b559d8
public/data/hand_x03_y03.tif,13978,9318e07e34532b8b22f3fa9c220e08d1d900c63c4ab9ce5f6554f15a3517fb60
public/data/hand_x03_y04.tif,17595,5b8cc26093711b636ef4079b18be784e6c25b3f66079ca909ddf8320023b3ae1
public/data/hand_x04_y00.tif,793,b8dd86271099753a60ec7637dbf242069daae330eb78662d6616c948ada9e4eb
public/data/hand_x04_y01.tif,793,225b535b58dc13885f520b3cc4f24a6d142156540edb63f6871aa95d067b23e2
public/data/hand_x04_y02.tif,12502,cb5e77fe3d1f2c7d93d47289dc4d64a01b59ae9689dc152e7d3619a106ef89a7
public/data/hand_x04_y03.tif,14039,969455353d7b86716f1e5b2317503a512e8963cdc7b595cb946882c426bfa966
public/data/hand_x04_y04.tif,18122,f5ea7d19e92adecfdae07ef083b3c4293a603aa1e9ff3e393ea815d746957a11
public/data/hand_x05_y00.tif,793,fcf86cd8e529b668eb7c5f80ab2690db490844070ecbd3c9b250465579b1ebbc
public/data/hand_x05_y01.tif,2253,3f5444283ebf1b9ac3face6263c6a00204416c80d3167834e75849443e866955
public/data/hand_x05_y02.tif,13020,354e0dd5aa01698f372f9ae87aac228772fa9ada62319995983dca00d52386f4
public/data/hand_x05_y03.tif,13402,c630ca5bd750942cfe0f62c86f84883e29ef503ec54ef914221b0adceae1d68d
public/data/hand_x05_y04.tif,18362,f05856eb24519bfceac1113ba021ab0f46d55cff2deed60a5857a7bdc8989d9f
public/data/hand_x06_y00.tif,793,ea5e3be3a6da970b1f0b1976cb9e0571d51eb55b4bcf39cf906a3c91f6047723
public/data/hand_x06_y01.tif,3569,1f78c3216234f33beac8a3b544b8eaa983c4b580bdbdbd27dceeb85538752d41
public/data/hand_x06_y02.tif,12828,c3bf7bbba1140cbb94f576268c3f03b09cbde3a8f46d511f8c10386f076d41a8
public/data/hand_x06_y03.tif,12974,b7879d9ea9ed79e052ddf475d4630eeee2deecd8afb272ffc14544362daa8b2e
public/data/hand_x06_y04.tif,17231,f8ad4c4e489020900336b3027b4f808b6186dbd676f949cc5a34bfc493865f8f
public/data/hand_x07_y00.tif,793,05f00011912158d22c75f488711fb2a76567324d12797309203b0f2db8c74db6
public/data/hand_x07_y01.tif,2975,71b8b63922b58492fe6a14570fbe4293480d5015e42482d168ce2950bd45c925
public/data/hand_x07_y02.tif,12733,adabccb7617487644a229749cc8a594f53482bf9ce74c4c1569ef34928031714
public/data/hand_x07_y03.tif,13602,56f222edd1221017988a7c001b5701bc106b00711fee8ac2b217f66750d0f4a1
public/data/hand_x07_y04.tif,19864,31bb0f6eebc0a7e6bfb923730d02ff3bb91797aae9ca54d39cf5a8d8ca98cc7a
public/data/hand_x08_y00.tif,793,a551d3085b8baae1cb589bf8a29e6ad724692c60a746e6ad4fc88bdb94869054
public/data/hand_x08_y01.tif,793,563b215307214c2874e708280294f5b98e368c90a902ec0edb9875b73d55a801
public/data/hand_x08_y02.tif,12289,1dba4384669250b7c121560970cce3a32a8c8aecfcb2aefeb65ea1a01b1554ad
public/data/hand_x08_y03.tif,14788,3d6ffe87d78eb0f630ae03d00769c81452a655ef9c36e43a0d104f63fdfd2ccf
public/data/hand_x08_y04.tif,17446,764a62b92dc4be0d9803a81a5699ee6ccab5388c1b7405884e65fc13acf992f8
public/data/hand_x09_y00.tif,793,0bd1ae21d2737f6f4dc878c08c4c5d4c49f32158dfe9efcde937ca0cf04139a6
public/data/hand_x09_y01.tif,793,77a3ab4ccb2183ecea788b9db386a1259aa962f096e0e45ab14be5ef01dbf6b8
public/data/hand_x09_y02.tif,7741,3bfda35d767a0f4d397f190771e264a4cef12eea2cb0cfdc2058475fcb0d500c
public/data/hand_x09_y03.tif,16479,049ed8b4c1848828129e370071b2f33239680b7264c3327b28181e002aa8366a
public/data/hand_x09_y04.tif,17256,37c9b1981c2e6ea87dfe82fdcd29934b1288fb31019e503c952a65beec467392
public/data/landcover_index.json,8373,f066b33ba00633c7d0877dd7904fd67e0d66480fe5b8b9295c875ec2005eb20a
public/data/landcover_x00_y00.tif,973,bd20cccb22ca6554ebabcfcef4f562115137460147484ec043f74872f8d1ea47
public/data/landcover_x00_y01.tif,974,9c5d7018fc3e3e17f97bd550612f728340cc677e2707105522b7b1372f8c5d56
public/data/landcover_x00_y02.tif,1093,855eb75c01a4f4a7c91647a19445c71383c530b9cc66e9bede5aff2873d74bd3
public/data/landcover_x00_y03.tif,1029,e4f2ac102b0078d8fd957b294eb15170d63d60ff022aa39d4cd42cbccaef768c
public/data/landcover_x00_y04.tif,1306,9665040d88e2840e9caa7cd8856453d6f1d2284c4a88c56b553832032ec8eccc
public/data/landcover_x01_y00.tif,971,916034d81bc6c77186e5c70dfc22eb63cf77924995666f051d377c394a651ba0
public/data/landcover_x01_y01.tif,973,81a3c719c318bf10cc458dd502172d259a164b092a6108b66f4798e18c5544b1
public/data/landcover_x01_y02.tif,1184,94f0d9ac4481c55a9a9b6d85a1731eb21ed1955c3d40d962663f8d278fed59be
public/data/landcover_x01_y03.tif,1040,3c6396a8a40bc2345fc772f33dbfe949a0f8a5ddc4b2b23114efc543e4f52445
public/data/landcover_x01_y04.tif,1110,aed3334d331e80cd89bac569604df608e96bfa4342b5c7eee61de49414805488
public/data/landcover_x02_y00.tif,971,208b26d8b445feea195e4c9a94f35480c175df6ccce4896d11a1679a836b5987
public/data/landcover_x02_y01.tif,973,ddfdf58f577d718d8247b608b1cad0353a87269f3ba5efddc3125cc0fc9b095e
public/data/landcover_x02_y02.tif,1269,fad3f1af16d6ed1ecd4220222861624a5f160903c6e3c5ee18af67c8f51589e9
public/data/landcover_x02_y03.tif,972,7bfe8e18eaec3cab43beb5722d38b9bf8cfbfaa2536ca071f49bada5e2b72f91
public/data/landcover_x02_y04.tif,1144,22777346348507c55e1c03a1e15fccbaf3722bd6106d14c17e619706edd058cd
public/data/landcover_x03_y00.tif,973,5013dd9e241c48129517826be7c6c07ee520f38418878e63e40b5aa8f2cb8640
public/data/landcover_x03_y01.tif,974,d8e1054f508c54640aaada1d9e952475a8b7e8df2891a2946377f7cfc838a200
public/data/landcover_x03_y02.tif,1272,b6835df3a1d079245937260dd3e388ed0a31de33fa2b9ca4e5a151034a0e6993
public/data/landcover_x03_y03.tif,974,a670f88f43342e6acdee5612097f3d60f19c2c3fedfaf57104bcf1797318cd89
public/data/landcover_x03_y04.tif,974,542f551ef41592f239a34b3b6cca76043dea007244580b6e1392fb7ea5c9a85c
public/data/landcover_x04_y00.tif,971,14fac97cfbe9c23e9f519c3b7db716e612d2374bfccc09167abf75b7591a6461
public/data/landcover_x04_y01.tif,973,463171282db06ecbb12ee6e1ef91abcb9e90dab4924beb1f89ae840fbf1f3a93
public/data/landcover_x04_y02.tif,1231,399f13480c5a0f21a3f73c4ae235a5e173244a79c8f1c061e67f89ef2f83b3cf
public/data/landcover_x04_y03.tif,972,7859ff7c9637e571ac7503dd3abd881902578a69810e026d8a9bdd0ff4a0ef8b
public/data/landcover_x04_y04.tif,1087,cb7e5fb5f89d0b4014f91c014addc34bdc4bdf2d7028329bfbeaf76db79f57f8
public/data/landcover_x05_y00.tif,973,3c90a79483227eb9d131a02711ad54b7e2d83b750d25b2fa3ecb6688cc3e35b3
public/data/landcover_x05_y01.tif,1094,3f6a369ffc235556ad8ebe92439dc84ddbda52aca561b7e2cde45f9bce44196a
public/data/landcover_x05_y02.tif,1005,d262b012dfc5d5afa2b868f88694126238cd145f34627e3a8e4be04651bbcd91
public/data/landcover_x05_y03.tif,974,1fb837069b7a4c72001ad57d0787543c4d9878eba2c43e7a62cac00e318078d7
public/data/landcover_x05_y04.tif,1386,0905af1660892531c0723e78e17e06d8f16e9da35c5cec546db7e171353b09b7
public/data/landcover_x06_y00.tif,971,4b5536b4a43b1affe1d690d17a32ef441063891aaf6908354b1e20cf52fbef5e
public/data/landcover_x06_y01.tif,1086,06dda32876fa991a1651dff74c06c44c80aa3eb346cea48cc656c70d00fe2265
public/data/landcover_x06_y02.tif,971,9cffdeccaf820dfec5916a93fd036d10fddc9b9b91a138cb93ab705637d168e7
public/data/landcover_x06_y03.tif,1059,57fe6e8edde32d48b78833ff09f65d05f3ba9c641b91cff88d6721fe6e83062d
public/data/landcover_x06_y04.tif,1483,273e476e0ac93533d9d3d84e276c274b02e26191a555599258a800591458fe8e
public/data/landcover_x07_y00.tif,973,3dd634b109720d9b02a8034cc4c7dce46287ad7175b01c2921ad4d43d4f13076
public/data/landcover_x07_y01.tif,1117,6a4d83cb36cc4c89b99af24b17e09d8482a12596aca2b5587ce3e9c8515b2f23
public/data/landcover_x07_y02.tif,1097,55243f2a8da15ceb312493b742083dcc70054e7b772d627d6b6905890ed9c700
public/data/landcover_x07_y03.tif,1023,5180e3e1ba3a31dfede8a8695552176e289c0ebb179b8fd495dad03e19c5b1b7
public/data/landcover_x07_y04.tif,1453,2b9f3cde524a83ee611f525ca8128c05b1ae5be11599b82e6b95b6654661a128
public/data/landcover_x08_y00.tif,971,88b9170a3b39a166cebbcdfb5ccedbc136d960ed5e6ac59805677224c4374807
public/data/landcover_x08_y01.tif,973,4d915ab749ffdd0ef6b4ef7db980e2df9e190ae316a62d9d84385c5caa9b7fd6
public/data/landcover_x08_y02.tif,1214,55ed932d3e0fe7dc84a65bed26bc46c3b21cb326d0bcccdc2d3d2fa95c7f7bd3
public/data/landcover_x08_y03.tif,1029,08b7d756f3cc47408b0cea83c534dace4fc37ac1ae7914e000969d6171f15a5b
public/data/landcover_x08_y04.tif,1404,1a8886db42427aab2b021d5eda170fdb7c1556d01016ae0d151d87ebc4e644b1
public/data/landcover_x09_y00.tif,973,0bee179affe39a2b71419224be1adc6bc6534cf2841991b034700e8871727fcd
public/data/landcover_x09_y01.tif,974,453a6e37bc1bc9ca9207e8c7c9e042f1dad311e1d51c265324e1fb26f339336d
public/data/landcover_x09_y02.tif,1200,42737f9905db5fb350bf3646b9093f33c0a5696959456e968b50392051a321cb
public/data/landcover_x09_y03.tif,974,5e88e3af5648b8335316606bfa65fae69207240ebef46a82f5c8b56621ce4897
public/data/landcover_x09_y04.tif,1372,2913ecf0bbdaa457aa33e6d1846eab8bac9f75c4843bdcf67e01eecc387d359c
public/data/lst_index.json,8073,4b0cd5c2750c18b882a937be77776cee06a426172f951944323c8063904f5861
public/data/lst_x00_y00.tif,1045,c16d66a73219df310c1e2e230add04603fceb114fa37800c76f0816e7893c32d
public/data/lst_x00_y01.tif,1045,754f5feb37d5920be7d2ccbf0dc2493dfee4d7aa125722502646f3bdd5de3774
public/data/lst_x00_y02.tif,1638,53f1cea624b057e4b0947ef8e5e5b5b10f6925f310300c42eb639e104279da21
public/data/lst_x00_y03.tif,2640,91829978c1aecc30625013878bdcb0d99c1904a0644417033efc143f0fd4927c
public/data/lst_x00_y04.tif,2667,5f17987f6ce4b325a0b20fb40b37f4a9a30795933a89ad3a29b79a239742879a
public/data/lst_x01_y00.tif,1045,b5bb651ad14ee06ca00cc6bdfe0af31c93c61e18e3a4206b9c956b7a98825403
public/data/lst_x01_y01.tif,1045,a72615c86465b56872d3bc4f50ddaef78b1f499abcad347a9f1d2b88f562943b
public/data/lst_x01_y02.tif,1862,52abcf980a8523d8f02ebe8cebc9c9bc381c86ecf90d0ae37aac50954e0eb321
public/data/lst_x01_y03.tif,2660,bda90bd4169ef12716816cbda29a1809b444ad950ff9bd375c1bf3dbd04f720c
public/data/lst_x01_y04.tif,2652,0b0819a01e80c4895109bdac027649a0fbbc651f524114acc91ccbf055fabd3d
public/data/lst_x02_y00.tif,1045,18d651cb04207726ba5d93a0fa1403f25531dadb4e027d4451aab7fe111286f2
public/data/lst_x02_y01.tif,1045,7c7b1beb728eb4dd56991102f8109124864abd69a204fc5a71be31c9fc327c8f
public/data/lst_x02_y02.tif,1976,29303504197475c0ef668b45f46becd016f1305a0694d2a23499410f3bc7377b
public/data/lst_x02_y03.tif,2588,f644535da49985373253c2ed986cc55886eb71766ed9196a7cb19f03ad7da663
public/data/lst_x02_y04.tif,2628,4a27bef44892234d3285f6b9a15e04622cd8fe6ea45b80cd07599d630715e516
public/data/lst_x03_y00.tif,1045,fcd06e75e6b67b22b6f97b1924a7e0d65dd2e041c447bd17616ac01f51f16536
public/data/lst_x03_y01.tif,1045,20e68329ab6526664c4575cf8e6861940a7e77f9c588ced1399e631632c9c53e
public/data/lst_x03_y02.tif,2109,a17b2be6b7a2ca4a28988a353b9a1d25a9f86c907103027e8644d4991264e19e
public/data/lst_x03_y03.tif,2649,f731b3432a3771b86bc9a0f520e201132c55b149863ab9e63e23076fcc58e76a
public/data/lst_x03_y04.tif,2711,78539cf045ff39d22ef91d75e6fdec51258113da746001bf336078d18fa465bf
public/data/lst_x04_y00.tif,1045,f41340a59a6fca0bfb52c1fab87c969404fd7b4d47e379ec9b35989795a000c8
public/data/lst_x04_y01.tif,1076,b4f2bd52d87c9754cfc2daee7481f572127d4042e52f16130691ef1ae6e19822
public/data/lst_x04_y02.tif,2438,8956ab9c392b43fae30d1ae21b49e94810be16375f5dd4636e0a0a0eefd0d712
public/data/lst_x04_y03.tif,2637,16e0e49614cf8ac9a16085afd3f5c5a84430f4ef944c3105dc1dc90dd7a888db
public/data/lst_x04_y04.tif,2648,88bf447b9d5ab2957f4237e56207b9a1e8f128cf4146ba9734823c1f09a578b1
public/data/lst_x05_y00.tif,1045,7106391393ccafa8e6cb64ce9749a2d075c5cde29a1303129f1109a9615c5807
public/data/lst_x05_y01.tif,1290,91ea5ace0289adf8ae9ecc5f9706504919f26be131f45dcd2e476983f8095fd3
public/data/lst_x05_y02.tif,2640,20b571e5060ec8635e74ca8c3966dae257c26fad1d115de190e19165b826f648
public/data/lst_x05_y03.tif,2678,80851552d7d589b2b7e1e71eaf845721e2c79c7de601368ee5792f0fc8d3a01d
public/data/lst_x05_y04.tif,2705,869830ee1a8c326bb701dd9fd6140ae245c387b4d1f875ca032bf8060b1af679
public/data/lst_x06_y00.tif,1045,ba033cb540d154c9e6d3ba0431c483365d4b4aeec2ca5460de2a2bc572dd0d5c
public/data/lst_x06_y01.tif,1412,5ea3aaa915e20df69c158b2c9610e2f01c01ea009383d0ae94e684c60d313726
public/data/lst_x06_y02.tif,2604,c798952baa544071dfcc03dd0c194428a712e282cba0e5c1e47117b99b939c4b
public/data/lst_x06_y03.tif,2624,c4fae517874902da0e9a50f40ec849f6f58f677ac50a2858a06498b1e6551035
public/data/lst_x06_y04.tif,2675,5cd68b556990ed1666593284ae00da73f761710c9cb927d437fd2eeab712ab04
public/data/lst_x07_y00.tif,1045,6f81e2205382541d85ffd82b472ae7eeb40a69844e379ebde20067f659736e1d
public/data/lst_x07_y01.tif,1383,cd52a90d323b2a51101a3350283473ac36a6bca38810d60041fc9034d46cf948
public/data/lst_x07_y02.tif,2642,5fd81bf3b58146adb2e7523c8f221db63a7f105c15b642d27efc1cbab2008704
public/data/lst_x07_y03.tif,2663,1890130733f3c611db527eb7666fdb69d768fc85fb962c4f0d532584a5633119
public/data/lst_x07_y04.tif,2663,e84269e36a3cd5b33059a7981bcbe3ed1793c499914b3a1053f703adc3247b65
public/data/lst_x08_y00.tif,1045,b621e5765aeeec9b4f74e0bd2c5b71eb7006a0fb955a924a7ca96eef5966f3ab
public/data/lst_x08_y01.tif,1062,3e02015f7744f84c73a1bc9de88eafcdbd008c6c50e36bf985b71bc7300ac026
public/data/lst_x08_y02.tif,2388,d3f712ca54bedda04e2386a48d006bc6fdbc9528059ff1c6fb8d2c27da769c9b
public/data/lst_x08_y03.tif,2646,0210436dfabf2d252cbe4b72c96e38af9833e1a1e82fcb4d03bdd8ef570dcdb8
public/data/lst_x08_y04.tif,2692,65787e822580affb1cff115bf6179cc80560e9c872f2ccb590c31a90428deecf
public/data/lst_x09_y00.tif,1045,d3bda9722d68a412d0f0f1474de9f4630d89282657214f323b52b0366fb6b8a0
public/data/lst_x09_y01.tif,1045,700f1f599b48a1fcf1b2b954968c6e2db55609c58a2051f5da0a051dbe777525
public/data/lst_x09_y02.tif,1879,aeb8387e5d487520472b83c75e6fa695dfc72b6f79c069b28a13ba1fa6ff0b5f
public/data/lst_x09_y03.tif,2652,d4fd06460daaf4223dd32168e3a610bcf939d8967be396a10c9d9e0686912f92
public/data/lst_x09_y04.tif,2666,08b2baca7307e5c13eed718837ca5563ba8aab9a634468011357c3b47c7abced
public/data/municipal_slope_index.json,5035,3531caaac81d84243c364980437fff39d2abeb6c6788484de93147b981a837b8
public/data/municipal_slope_x00_y00.tif,257026,56fcd2b3890085b48a700e60a364c1185f66ed6bcb0e19b196b3e0bc0e999cc3
public/data/municipal_slope_x00_y01.tif,159524,86bbda286e39a96614f9dfa8d270afc419b7d883195fa49344b28ee92efda584
public/data/municipal_slope_x00_y02.tif,2720,57e46aac57b1f5ff7dc7a910674cdaaebb519ff6dc6d65984ee0f1f089a24cf5
public/data/municipal_slope_x00_y03.tif,2720,19f3104ae431245ade41748ec8b4290bac9b4301f36c47de506f3786e1e6922e
public/data/municipal_slope_x00_y04.tif,1750,ebec55b7922983bea3ccb7b8ba96d28bbfa82dd407e16550056e686b6ded7190
public/data/municipal_slope_x01_y00.tif,263104,bb2e84c0caea1534c17f08d4bb3499e0dcfabdbc2320a0ffa8ff16942c58f0e0
public/data/municipal_slope_x01_y01.tif,205794,c8b142e3dba2484f06a56fbd6c2ca9773c8f46d5a5b2b505760f2de400c9a2db
public/data/municipal_slope_x01_y02.tif,2720,ddf55a35314104c5ca12c497d587ee2b0ae2c44b712a01e864f71ae2906acc3c
public/data/municipal_slope_x01_y03.tif,2720,c6127f638757969bca3ad940c11f0978387e5a952744cec4b1624cb310503e28
public/data/municipal_slope_x01_y04.tif,1750,ab954fed6e3b43064e3b83c98584863a0c565cb43f18d5a5eb5d9b2e06c64b85
public/data/municipal_slope_x02_y00.tif,262146,99dbb281895c17f1e2077d108379413150aa250b0033faadf97fd134f5ae9a0d
public/data/municipal_slope_x02_y01.tif,234684,5aebdbddbaec86acd8eca3df798d4945f7b2badf51c70b4a7e6cf8740117139d
public/data/municipal_slope_x02_y02.tif,2720,34c11cea239054fd0454d2af8ac5ea6426bfdad3a58c6f30993f142a628e2985
public/data/municipal_slope_x02_y03.tif,2720,208ca3b8bf6691bc7908c6d491ae123b6476ae95f8e28de46b0a18a456df5294
public/data/municipal_slope_x02_y04.tif,1750,9cfe02a0cff8d86ee8214fc3db89f1af584a7fd14bdf152d1f1ff61485bc0c11
public/data/municipal_slope_x03_y00.tif,254068,4028c6dae57c382d2c16a48c27c67c2a5a45755a7fd6ee527584a4eae4717d57
public/data/municipal_slope_x03_y01.tif,261572,c7203630952802c8b96980ee7a369a4d98d1482d4e428918b6900ffd6cd18856
public/data/municipal_slope_x03_y02.tif,22504,a3b8c9e103ec1a7488501bdc23c36d6ea738e79286ea2bf110e40a2f36b8931e
public/data/municipal_slope_x03_y03.tif,2720,1238e1094e26a6ded72749230422d27d49280d9101d1f8cb1640b113e7f6a431
public/data/municipal_slope_x03_y04.tif,1750,c9b7b3f57244a3468e08062d3609429ce97a5deadaf52ccf3f9ea35022bdb5bb
public/data/municipal_slope_x04_y00.tif,262402,9013d7e241a6d7f7689c9bfdff8838f8e2910f83c4973e012c2cf9c8737279bd
public/data/municipal_slope_x04_y01.tif,251538,dd5e1bdc2e5e019ce6a33bf6914118461d50ed56547d3961fa77869b46249c17
public/data/municipal_slope_x04_y02.tif,11834,96835cfaa2e6c9d5e29bff5dc44fe817c39f3bde42f36729ec4ebc79710e7743
public/data/municipal_slope_x04_y03.tif,2720,d6c103e3e2fbb06073768c2a2be008b657fa6d657dd3ddb6320a7cf3e3e47212
public/data/municipal_slope_x04_y04.tif,1750,617726cbfa67a810442ba4eead029383b8f233c0e55257628e40048188db3fb7
public/data/municipal_slope_x05_y00.tif,256550,008b5ba01d415d28f52f80694b051acc11b120978014f1e658a39025ca90d337
public/data/municipal_slope_x05_y01.tif,175812,78df9af9781ac28eb3cba1b56270434a5575dbb7faef50dfa2db43be38406838
public/data/municipal_slope_x05_y02.tif,2678,b3e07fe5f1f3d0c6a7bc04ce0f4c16479331cc1df09ba231763870faddc863d4
public/data/municipal_slope_x05_y03.tif,2678,c5dd51b6768c82b9faf57b0fd1b2d372ad2fb89bde03efb41dd5d601daf234f3
public/data/municipal_slope_x05_y04.tif,1728,ccce3e1219cb36b22f93770c03f3cc48ba8aab8c5658ca2ecfa0a16f3b9440bc
public/data/municipal_sources.json,4788,040d487e1568603cc44e81920ae3db9c650afda62b7b52b54d513ccfc2830634
public/data/ndvi_index.json,8123,70ff93f92b1aefd8a6006325fe2636142e68e2597853732e9c77c5bf2d4c6058
public/data/ndvi_x00_y00.tif,1047,dab86e5ffbb9db713dbb3f22e2d50998eafe5c4d994130a3e57544cfc7f77795
public/data/ndvi_x00_y01.tif,1047,00e5a95b4c20377b0d7ef0a31be3480c05418e682c925261a057457ac787772a
public/data/ndvi_x00_y02.tif,1685,eea70a87efbcc9e296ac1fa9af6335a718adb34c17051f180490f92b8d5d128f
public/data/ndvi_x00_y03.tif,2637,8b1d68c4d45484cc19ad275b5abf97b9e52f127b24c3a5c06bffcc486e92785f
public/data/ndvi_x00_y04.tif,2649,09fcb920780e52d5e1689d11f43e150aeffcd21d5945c3fd98602a4b75b74ebc
public/data/ndvi_x01_y00.tif,1047,6d7f5b4a3c5f4ec3a6267c3d5b1d665cb18ba97a1fdb766f691898ad2f7dbe2c
public/data/ndvi_x01_y01.tif,1047,0f42db28510869c1780ba2aab9721dfbbafdfda260ccc9fff41464f6b70cbaf0
public/data/ndvi_x01_y02.tif,2043,a3ba6e0823cb5f4d830d1a5443180aad5e003f4354c4835c031074c47dc5db28
public/data/ndvi_x01_y03.tif,2624,d4bd5a492c5611d79f9abfd523e76c60fcb0b8d2600293d0778033db6487176d
public/data/ndvi_x01_y04.tif,2639,193b98fdcb082a53c5b9e5121a2b9e319b60c4d7134ab195da7dbccf98b3f91f
public/data/ndvi_x02_y00.tif,1047,26120752b56fa8af9766135d73e6563aa49a3e9501a5f177046a64ae6dc97a00
public/data/ndvi_x02_y01.tif,1047,1810e3a6918a3b17e5798efe3c546666bcf8605d71ccc461b49050aa0693f59d
public/data/ndvi_x02_y02.tif,2132,1b1e8f1ec0c308037db0b68f454dbf868fc0ba4f5647b8a5f596e0a316d7345b
public/data/ndvi_x02_y03.tif,2608,3a7e2d776ddd92e9b8d2a7cda5b7f9f8924040904742f85b16db0946050ec552
public/data/ndvi_x02_y04.tif,2614,019daa38da155ff5965476066368b9cea343a1d5dc0c2ada96e59bc48504bc5c
public/data/ndvi_x03_y00.tif,1047,6b658352ec9ec3922ed916a4ed989bd0bfa06bcb99d829246357e5fa98341021
public/data/ndvi_x03_y01.tif,1047,ac681bdbbe3addc1d841ca8a431199ea711710b517edb9557acc4b74f8f1a98e
public/data/ndvi_x03_y02.tif,2271,e5a16fdf806181ab3dc36ac6f49abb3e53b3eecfbccfbb524dfbec1c7b39d5ef
public/data/ndvi_x03_y03.tif,2655,9b6c0e297647053cce7a3178c473fd860045256285816deef12d922fdf436d1f
public/data/ndvi_x03_y04.tif,2694,d368f481abe56ff054fff3edafbab9bd3f13c32f5aab664ff07049bee4b4a5fd
public/data/ndvi_x04_y00.tif,1047,474eb7e640d572fc2ce85a4f7202362f9bc735c71902764f442480f7ccd2292d
public/data/ndvi_x04_y01.tif,1077,daa0776ffba9ccc2394105798724ec875dc343f1f9f5124bdf0100e7f847765b
public/data/ndvi_x04_y02.tif,2530,f92f714960d5932fb9b29346d38241a7a54a1e30b3067ff936c4e1eda49b6e75
public/data/ndvi_x04_y03.tif,2645,7d8f6751c5ce7a85f60cf08bb33c85fa007b29afd5f5a9436ff82be30b79a344
public/data/ndvi_x04_y04.tif,2635,69e059c8bc5d3677eacbb89f72e73c98f6c278e063c85ba379a2a691fc979e2d
public/data/ndvi_x05_y00.tif,1047,e5600a7024cd8106d8ef04d5f8723030eb0b3443d33e09098e431aa62750e85c
public/data/ndvi_x05_y01.tif,1290,5536f022c6fcc297473c05a21e0c095be0987da91d5a891e6495253ec60a6614
public/data/ndvi_x05_y02.tif,2630,8ff9c143a169693f4b2e7be3447afa3da1957ecd1de7d29cecf85408c5bfcfcc
public/data/ndvi_x05_y03.tif,2657,4789e2dbc3e74ddc27c992edb57042fcc04c0a6f92886a15c8dc24933b0bd072
public/data/ndvi_x05_y04.tif,2683,3de188c163ea29779f41fb31a31311320a5acf6ec1f984dcda8e0c64d8266928
public/data/ndvi_x06_y00.tif,1047,6a2634fec99a8a7bcecf91e5d6d4403e78cd8957feacc26382b2998df83cfed2
public/data/ndvi_x06_y01.tif,1500,778ce9f3756184eea0372d33983af5614f848816aeadcb928c98465a2a1b87ea
public/data/ndvi_x06_y02.tif,2600,3a78d1fa4ebbb243133d780e57bd3868aa5925b9cb92a02bff4a66bb6169408d
public/data/ndvi_x06_y03.tif,2637,d9147df87a1c51908f68829c11acbad8aef6abd31ca0e9fe1e5a722468bf41af
public/data/ndvi_x06_y04.tif,2657,dada259bcb4a77955f7b94b18e497ec8d76c44ea364b30bf9a50958824752cd2
public/data/ndvi_x07_y00.tif,1047,5879a9ab4c6fc89ad3b29b370007ab8972f9ca2b56c59235d5d52ba966734527
public/data/ndvi_x07_y01.tif,1626,1dfb84c8e0caf642660a87e793cdab05d7cf437fa6c7de342d5400e43cbafebb
public/data/ndvi_x07_y02.tif,2642,a228755996e794c919f61a79b40a7c82046120668a2281abb2cf965ecc8fb8f8
public/data/ndvi_x07_y03.tif,2664,3b11091ca1a33a69529f80509c5ace9db9e6cfdc437a26eaf632a79d21856452
public/data/ndvi_x07_y04.tif,2641,79bd62f965a44331d85985190eb555cc035acdd0a0355714cc8aa74a94890ff9
public/data/ndvi_x08_y00.tif,1047,39b899a7d7a10cf8de16bcd40007efe860d25fc49b40be2740dd7d6f77e17d21
public/data/ndvi_x08_y01.tif,1250,a84c7e600c76d05bdf65021793adc4452a0b79dfc900a499d14710e338c9b1c3
public/data/ndvi_x08_y02.tif,2624,898038a574cf13d558e8f639a36bd1150b11bc53917c45978b461894f71042da
public/data/ndvi_x08_y03.tif,2638,1ef067b530be7488c84352830ebec5ab511453028c15d2172e3c0325f1e06551
public/data/ndvi_x08_y04.tif,2669,bb6d511da41e76c1dcc7fa2f6a5fbc7784681d85cbaeded52f703c09763eaf1c
public/data/ndvi_x09_y00.tif,1047,1ce688bc5ce95fc4cebc5ec6fed7fe9a40dc6d943f93d96858a896e336046db9
public/data/ndvi_x09_y01.tif,1055,6ee7f6b73e26dd701ba9aa9e8a61a9fb1e7b51578599a7fcdb214abbcbfbda51
public/data/ndvi_x09_y02.tif,2292,3e79f6487bca1395268d0473e016fbdf0bf2f66c90bfd67a5ab124521c3aee2a
public/data/ndvi_x09_y03.tif,2634,ebfb37a4d80356c2bfb707ad5573dda2f6e4db824e14bfa5f27378e8e6521e80
public/data/ndvi_x09_y04.tif,2642,61270b2c4256611249bccb119a6ef4d1e756138ce773ee64a2d02dfc9e502065
public/data/nightlights_index.json,8473,59c7bc4df082987d612d28433c626ea732a4f5316aece13165b2efc3fb01ec67
public/data/nightlights_x00_y00.tif,2297,a7d2732e1abb56af7e1317e7498aa2bd175880465be1fc9bc3d061f52e5b3a00
public/data/nightlights_x00_y01.tif,2351,342f62a86929756194c167fcc1fe720e4404ce5ac038854be3cbefcf96fd55f5
public/data/nightlights_x00_y02.tif,2385,7d5cb32aa85c904a4e9eca1154f1c23a2dd358cdc4f940aee48a9f9e59240843
public/data/nightlights_x00_y03.tif,2399,dac6226926cd4782a7f409148e79a3f436f8a0d7158c761528264145b12a7cca
public/data/nightlights_x00_y04.tif,2430,c8c3ca7f6902118236b283d52c34297fa425ad6572ed6e7fa676eea159fa66e1
public/data/nightlights_x01_y00.tif,2328,6b58fdb89653f58d260d8a14ecd9c2e9807a388cbb0f4003b4a6d77238eb3b2e
public/data/nightlights_x01_y01.tif,2370,03f247629675d0dd520c80c88dc12a7f5b55ce826896e9289972a3b52251dbab
public/data/nightlights_x01_y02.tif,2385,fc55e2d7092b5e1577415b8e81ba74123c64cb8224def92289913ce2b420c75a
public/data/nightlights_x01_y03.tif,2407,e5271511eb909bab5573b0ebbe1ea9f5ddffea4724a0b27c5ef26895c49a8be5
public/data/nightlights_x01_y04.tif,2395,2e5fe55e058744b29e13e4ce79d9bf338847e7602a6144470567f6ccbed82351
public/data/nightlights_x02_y00.tif,2317,9f2ca49ae9c78683b5a10f035428ff94c735719972b3eb6dad20530cde53458a
public/data/nightlights_x02_y01.tif,2369,406599945bb255beba2d01ae80729749317c001b88c73324cede91f77815b20a
public/data/nightlights_x02_y02.tif,2419,f3fc4f13a5d7482f05a7c41a4f517787b479ba01b4943c64e35a31c8894f3e62
public/data/nightlights_x02_y03.tif,2386,c26a95e51ec4f7da2d3ce7f1fe203a592451cdbbea7aaf0ddbbdd36a6af7a16f
public/data/nightlights_x02_y04.tif,2417,76965511f5b5851cda89b24135132a1273d95873d47bc47f690b6539da56afbd
public/data/nightlights_x03_y00.tif,2349,19e31acddd660967b44a94f4abdc9c8b4421cfed1e3bfa6ceaaa0dbe8d815e38
public/data/nightlights_x03_y01.tif,2377,270d2fd221c3d5be88f8a8723b69d8e5a7cf87882c4bcf144de3b8123773e787
public/data/nightlights_x03_y02.tif,2421,7b9d3afb9864f437703b91343d31f99a6d3ec545942371a84024b6f444b6b8ba
public/data/nightlights_x03_y03.tif,2382,a092de8c558fde52781817930219e289b28496ae9460981ce0a60cc916d91b6e
public/data/nightlights_x03_y04.tif,2372,6423150dc542f57376c799478f1c6a0f29e17e533f3383ebe2918f52a1be5621
public/data/nightlights_x04_y00.tif,2319,7b5cfa49c7079b1fd6537f7d6512b6dbd9ef3f05790909b59654f9ab73650210
public/data/nightlights_x04_y01.tif,2357,1e5bcfa4f27a97b627e361d601261bdb5170f7e5b9255bca30235388842a0b05
public/data/nightlights_x04_y02.tif,2427,5626c4c0a2ec9045fec0481fe8e79e64c03322846c1afe1731a9dae5219e27dc
public/data/nightlights_x04_y03.tif,2381,ce6ffab0cdbab64ded46541fceefc2d60e42c9afc95c013584a33638e9b02b5b
public/data/nightlights_x04_y04.tif,2398,a1688567b5c2c79c6e4f455676279b03fd958623aeb021e53148797b2dbea85d
public/data/nightlights_x05_y00.tif,2319,8651671ea7d7bd922f3f633fc1330a9922752615367e5453e921047a5503e34f
public/data/nightlights_x05_y01.tif,2375,a3d13315c6145a45ba996af69cfe2e0663e036190e071e9db0494a2e0297ef3a
public/data/nightlights_x05_y02.tif,2386,d0cc80d6fe5709c417b7ecb7476fe9b58cc780ba7906831557dfe3942766b3d9
public/data/nightlights_x05_y03.tif,2351,f898e58148d245a087b2c8ccfc0eba758cd4be1fffc8d6c9d568b5eca8444aea
public/data/nightlights_x05_y04.tif,2389,65504e316b910bd79d6a1f5aed4e8119a839a3fce460f9e6b1c86a0cb9b5a5f9
public/data/nightlights_x06_y00.tif,2332,b8e62dfb3728c5dc34e5553d96288a469b3fcea85dae6e210314ac53bf1dbd18
public/data/nightlights_x06_y01.tif,2367,a870fabf2f52a99e844f86779822c3c84afad469a2f0797331b1a93c146a43ab
public/data/nightlights_x06_y02.tif,2358,5efecc5a4dc99cf4fcea5d4c1229a352751c25fb9d754ae20241019e9b19a23a
public/data/nightlights_x06_y03.tif,2385,75111a6f88cf8568ff42bf1e0ab93cd82addf65dc7d40caf9aef5e4a1170dba5
public/data/nightlights_x06_y04.tif,2360,d5d357bf6c576134d2ffd058a351204e1a33ef76d0be8fda77ab93583af43c51
public/data/nightlights_x07_y00.tif,2319,65ab30018a2e37985ab6e3206040fd198d482016274007f80de999b738978cf1
public/data/nightlights_x07_y01.tif,2404,82972b975a3af43c69db209779aaa3bd57e2613dcae025f85f8515b03c9865ab
public/data/nightlights_x07_y02.tif,2388,7fa4eb22f8aed8efd8a1de0fc6d60c4d873d2b91c9e00c1ca9a12e92e8119ffb
public/data/nightlights_x07_y03.tif,2379,f5766c334ab761bdff3e057edd2d688dcc640f221f56c73eab2ba4a8f4b8f249
public/data/nightlights_x07_y04.tif,2368,244f870a298fb0e5c7a260ab5b0aec558e1da1fc25ba6386d6b15e5b913203a7
public/data/nightlights_x08_y00.tif,2317,00bf1b1e4e973b629dcead03ef625797de94cbf9fb336616e9968c3e4d02afdd
public/data/nightlights_x08_y01.tif,2371,552c9fb690af7a1beb855ce01632c2472d90ab0e89cc2e57778039a51d952f82
public/data/nightlights_x08_y02.tif,2395,8b5e7b0c16d9d4e58b09934cb586e10320d24f0c0ccdbb1138dbcc1e8b3649bc
public/data/nightlights_x08_y03.tif,2371,c9304f9aa1a4bb0bfa8dd94ebaa546fc7d7c25ed815cb2dc6cd0dad570a24958
public/data/nightlights_x08_y04.tif,2359,8f71f1e86e1f2db83cdcbb7927c9f9d2158b0a946d58b160e91572a376ebce62
public/data/nightlights_x09_y00.tif,2314,2edb08f2d2c764acfe2c502e6ef67feaaaeaa71c34272de7f13d02e3b23b1706
public/data/nightlights_x09_y01.tif,2357,0fdda013c9f7a68529d17f1c3788b406b9c677a60ffaf5be65082b681a8835d9
public/data/nightlights_x09_y02.tif,2400,d83c5b4323cb0dc745c52ae3216acf7ec390b3c26a42997f99d531829415616b
public/data/nightlights_x09_y03.tif,2357,2e0e4fef89c4c4d3d05c43513a03cd23b2bab4f7693fd03c6526c9afdf4afaf3
public/data/nightlights_x09_y04.tif,2406,50f47f50918bc3dafd62f2a1227d397315cbe25780e6cf3584d29662b5adde63
public/data/nmd2023_landcover_index.json,5028,3b6ec850adcd378c1b292c47b1ebf9dc0bbea3cf7a5637543e526ea316bc9ac2
public/data/nmd2023_landcover_x00_y00.tif,139810,dfbd9b3c730f7d20b793002fda4566fa2e67b08cc7e68e5656fbf87416b8998a
public/data/nmd2023_landcover_x00_y01.tif,104800,b71dcf4127a2d0febb5c67b73ddf3d6ca900b44c5acd9761ac79c11889bf8111
public/data/nmd2023_landcover_x00_y02.tif,9706,cb56e3bb975c949ceac7c8bd438e20775c4b5a46b3a40b8264b66d61440b1375
public/data/nmd2023_landcover_x00_y03.tif,9706,0acaf6cfc4b2dc5e5010eb0e6a1ed9fa01511030a70ab87e1eb049414abc5182
public/data/nmd2023_landcover_x00_y04.tif,5490,5efd7440a593b42584e798b9fc2c21530e2f29086648ec71db7825b96cabb0a8
public/data/nmd2023_landcover_x01_y00.tif,161696,c2a5a59ad2f72f9fff77aa63d8321a8c2adecac7977c1f00736a0b6c07916656
public/data/nmd2023_landcover_x01_y01.tif,106646,08d074c40389b2253441be8458ca600320bd2ed983b830977959b5bed05f1414
public/data/nmd2023_landcover_x01_y02.tif,9706,bb4c844cc87602b140c08f0e927832dab12410e8d5820dc7fc4dfcbe43213215
public/data/nmd2023_landcover_x01_y03.tif,9706,d9aaa7edcc9093a6e71fdb519dbb3a74c20afca32355ce66980f1dad77a5fd37
public/data/nmd2023_landcover_x01_y04.tif,5240,de515a1df25d4c3d5d7cf02ab84673956b2902fb77b0a32b644c7bdf55e6fac1
public/data/nmd2023_landcover_x02_y00.tif,179290,c15224d7394dcd6f0ae6faf52694a176390c38af5f24ed01b3f625dbd9863a45
public/data/nmd2023_landcover_x02_y01.tif,124812,4d4545948f90d5371858aa62d60d4a752ccba15323ac1dd19150a4ea05a55e00
public/data/nmd2023_landcover_x02_y02.tif,9706,01dae2a1edff308c3683bf0bd520f021cda3834153b8a6f4f2eac3a53702adc7
public/data/nmd2023_landcover_x02_y03.tif,9706,e80d2719c892832f9fae5270d2e8d7a8968348379d84a698612d568ee701d0b0
public/data/nmd2023_landcover_x02_y04.tif,5240,4e557f5f1b9692ceeebf4a88f03ed5a85e6d8093da5cdbd06b4668ba0159b8dd
public/data/nmd2023_landcover_x03_y00.tif,179530,993491c4ef1f1a7cfc026607e5feab870da92ff731cb7845a2bf12e7ec3149be
public/data/nmd2023_landcover_x03_y01.tif,87394,5b7e7dfb534a589ccbe1f7c1e5a7bcdbc5b4193b3c872f6741a9968dbc86c6a1
public/data/nmd2023_landcover_x03_y02.tif,24392,31744048917b1143d5365e9421fd3f4c0a6480f9fee5dbfcecba841c94bee8cd
public/data/nmd2023_landcover_x03_y03.tif,9706,4f61fa0a5ce39f2c5feab1a6bc82a0882b393fef217c3d0d7ef462a2780c530c
public/data/nmd2023_landcover_x03_y04.tif,5240,24b87ffbaa787a7a7e371a06768edc44f46cecc5a6294cc73965cf57f99e55db
public/data/nmd2023_landcover_x04_y00.tif,177756,d0bd552870f9ee3e6fcba33c4bfb7ed6b96ba9c9363086d80d011a9485df92ca
public/data/nmd2023_landcover_x04_y01.tif,111036,8c45c72abe60cf818f2a98401b74168b8e377f155ee0d01e212669fb5fa84dfe
public/data/nmd2023_landcover_x04_y02.tif,21354,cee3bfa6573fa409ce1e03f7bda7fd4e1984e741312fe5229668a767d596c1b6
public/data/nmd2023_landcover_x04_y03.tif,9706,26b1a044a4f14b48a48d413fdf8bde860f6b4642fb1995367ccc18d294244af3
public/data/nmd2023_landcover_x04_y04.tif,5240,86980e180b24ef45ab76fe82cf24d0e7f41ada38aed7d1067eb3f76c387aeae8
public/data/nmd2023_landcover_x05_y00.tif,178212,d25b24c2a5008f72407157af21d3628bc11e6f7647fa817b6cde625a88a9a15b
public/data/nmd2023_landcover_x05_y01.tif,89378,7f22ac7d21fc27166a07392d198a50a245a61a7adc470af6322f0281d13385c8
public/data/nmd2023_landcover_x05_y02.tif,9706,331a3e0550446c12e045315a443ea34cc5ff79701030e4ea8e0f11243454b4e3
public/data/nmd2023_landcover_x05_y03.tif,9706,dacc1d84c9e7a24381df70fa8659cb4275b1c3650a59612694dff394fbe29eda
public/data/nmd2023_landcover_x05_y04.tif,5240,448b702cb9d6479ba239b0606d6c356148f1febf01816ed83c68bb1960263f80
public/data/pca_3band_index.json,8373,c898d7d959c59526521e0773688541dd5376c4403275ce1489f35a3b806f0de7
public/data/pca_3band_x00_y00.tif,28651,411ad90b917135a80ad1f7061ffedae60af53f116d41fa208211724614aa733d
public/data/pca_3band_x00_y01.tif,28598,aca9cea1fc607260a31a6f6d226080817feb85251ffd3548daa34333fc894833
public/data/pca_3band_x00_y02.tif,58941,3cc0a5cc97fbc415f0b99d44eef546b70a7002da18a03aee717715d42349065b
public/data/pca_3band_x00_y03.tif,98434,dc7a11cf28a3b7c6319dbe8bbe519a58693e157091b7e0263c1074e8d66b697f
public/data/pca_3band_x00_y04.tif,105750,111c92662892ba4e2e16caee3bebe59866efd2ccbd76433532d82fabf08bd5c5
public/data/pca_3band_x01_y00.tif,28573,2ef5edd1e8382ff2e54cadbf22e73b6a147fcc2ffa9020edfca17b6273d21be1
public/data/pca_3band_x01_y01.tif,28923,45ed8852bacd5708e93db405fd50cb63f6a2d22427417522a26c834fbefce84b
public/data/pca_3band_x01_y02.tif,76688,427437adc96e22a924b8cf63cc07c9cb6a35b53249841fb6fc692ea8170db7c6
public/data/pca_3band_x01_y03.tif,99405,2db4f56580cfbc27fa7d6c2d57cb33ae5600c4cc54293048c60f0c703b43ca7b
public/data/pca_3band_x01_y04.tif,98319,d65649a1653493a9b30b397178e842b80026c5ae19ab470a59b56f09bbad0794
public/data/pca_3band_x02_y00.tif,28588,83311644f86a8fddca8f7268bcb4b7761661e5e72ab1bffd5a3a484f87b80ba5
public/data/pca_3band_x02_y01.tif,29881,a351d3eede5ea8abfcaf42d006e545880e0cfa0ab756544369fc3235e10c6843
public/data/pca_3band_x02_y02.tif,82483,9331bc5b09009b838ee9d37d88aedaffecb6670290922e6711f4090f92bd43e1
public/data/pca_3band_x02_y03.tif,100495,c70db44e88f415a293ccac936f250497dbca684a1cdd53cacf110d686498e91b
public/data/pca_3band_x02_y04.tif,104025,df798fa9fd2d419c884d621901be41d6a5b0b0704050f377c440c976e71e8b06
public/data/pca_3band_x03_y00.tif,28450,9fe25687c38587e9ecc93b0fa54c28eeefc6f1cb64ffe5c3a5542d5af9a0edc0
public/data/pca_3band_x03_y01.tif,28457,869f78299db2e5cbdc60e858653ce4603aba7e7824e0d921173804cae2ae46d2
public/data/pca_3band_x03_y02.tif,91294,1886a03d6e1d6b950b1f59f8a857b299434385f8eed82eef1e0c3dedcd8e49c6
public/data/pca_3band_x03_y03.tif,101185,37c6e6a23251ac5dde892536d06dddb2bc40105caa395932e3a4909333349e29
public/data/pca_3band_x03_y04.tif,101996,c6e74c2d0e4805182c9de0ababfb018772a01993829ce6582596525c20b04015
public/data/pca_3band_x04_y00.tif,27923,164311837ff2d823c2ca59a0a94fa751bca5aaf36ee89e76088bc85cf88f703c
public/data/pca_3band_x04_y01.tif,28992,4add0e2e15a38bea193f19a13244ea15d5292b571eda399fcda892d8a33df34a
public/data/pca_3band_x04_y02.tif,94607,b7fa731119110c862e7ba6f1bbab4f2eb9b18720124bb4f48e8457d3aaedd84c
public/data/pca_3band_x04_y03.tif,96152,1982974239059bb1dcff982d8ba582e9e608f10f21e34b30ed27be173a63bb0c
public/data/pca_3band_x04_y04.tif,104745,d82df3d5f438c85b022f5cd1e7b8ae51f4fbfa5d2b6a67841554b3e161924401
public/data/pca_3band_x05_y00.tif,27003,332fff82f1446ebac61a11cb5dd3794c1e5ae9f25a0b93d55d886ad7c894ffef
public/data/pca_3band_x05_y01.tif,41976,28dda42378c62bd72354192102d5b01db81bb200f7f2f6a979e6f6b85a54d58d
public/data/pca_3band_x05_y02.tif,92885,e9ab61d1c2e2cbca6bb79976a491fd8ced1dcda4f1adc13403107b2457ed25b2
public/data/pca_3band_x05_y03.tif,95103,c9b8ffd6ec1c30fff8ffb66babf1175424ff81746b99f4e655b17ab8beb6cbee
public/data/pca_3band_x05_y04.tif,104758,15d208acae4cbff09bb8c8caf288fac95e8e115a5afae6bb42fdff273d876a89
public/data/pca_3band_x06_y00.tif,27486,55a9d37e24d835dff68034c765efe4183b0928085db3c985dba0ed957572e9c4
public/data/pca_3band_x06_y01.tif,46221,2f18158691cce73aa0c5d7480868e810a1e1ca329f8d9115505579966b7f6c00
public/data/pca_3band_x06_y02.tif,95739,739884aa9bf29897f0cb2b8b8898f8d3df8dcf6b8c962df44e2daef1643983c9
public/data/pca_3band_x06_y03.tif,101344,8c95543dfd0a5e490c51e60775f1cb5b0695753b5a3cf3af1063c637573591f2
public/data/pca_3band_x06_y04.tif,99138,75909e1e4063896f5f88af370aad621b95a280fc27367735eaa663553201baf2
public/data/pca_3band_x07_y00.tif,26970,5b13be51dba96577caa621f755b4d1deeb37be9667c8882e1db87579400eef2d
public/data/pca_3band_x07_y01.tif,44966,c5d8b7738d98a13f815839ca77a1937bedb4f5018aa763918f5be08777e73b1f
public/data/pca_3band_x07_y02.tif,97140,c4fcb44c5e9e55db2f0b241f6c570215b96339bd2cd16926deb06342569e09f6
public/data/pca_3band_x07_y03.tif,99890,86ede639636b48b5d131500ef34970f808d982711008b54dda8c3c76b65dc48f
public/data/pca_3band_x07_y04.tif,104831,0a3c4c6526436ec5514f0eef09ba5578a4a187a9a8c1e241b4dc2e0f45221490
public/data/pca_3band_x08_y00.tif,26845,cac01407f45bbf7bea07f643f040716132ca97841d97124b7e9e86ee22735227
public/data/pca_3band_x08_y01.tif,27610,d5fc6594db6b22bbc5925b7e0837c251d8db9a65d94aca965a17f0a5ea804047
public/data/pca_3band_x08_y02.tif,91501,2292ad05ac1af7c8f99c31c13e8c8b000c7499eb9d5a4f2b05854632dcfd3aae
public/data/pca_3band_x08_y03.tif,99362,e71898f56fdb014486de19034fd3cfd049805876ee60696134f1f50170c8584f
public/data/pca_3band_x08_y04.tif,100941,55d003234cd7fac5787dd709acf20d46a8fd9bf1d54d02eb49ba952e2eeeaa32
public/data/pca_3band_x09_y00.tif,26819,5b187d2f63618cc1cf48ddbdefa12ef4ee685af3f203899089aa0126d6310bb7
public/data/pca_3band_x09_y01.tif,27146,1abe14f576654fb0bac8acb975eba9ae61ae3f8b3ef35a89c721355a2e7d2991
public/data/pca_3band_x09_y02.tif,67870,b3ca370b83c2c758a0f0c6f3248ad32f441db1a6efa942e596053df90a9dd4c4
public/data/pca_3band_x09_y03.tif,99898,6db0c75010d69bec893413e4a88e9586e1923669da96cab76f1c699775f52109
public/data/pca_3band_x09_y04.tif,108121,f6050edc8bd8ba9ae88035d2555e0213bddbefa21ad1f980351c6ca2284482f1
public/data/population_index.json,8423,69a881d25c989fa54122370f659397fc37929d4c8cf23dd15d97c57e6a62f943
public/data/population_x00_y00.tif,805,32b3508f9ce5c54255c4b30468000d0b930b6294942231391e5b08db4d5f0da6
public/data/population_x00_y01.tif,805,fc9b9231e8a761d4284a3ffb1ddde120ae23b9ec05c4d3458acd8d8e5af6eef2
public/data/population_x00_y02.tif,6280,6bd7176649e13eda6c2bbdc6426c5a1f23dc5d490e059ea0854b56b5fb7ba512
public/data/population_x00_y03.tif,15805,75c115d857c5445cab7d845039b490c8b6c2ab96b60a41ebb74b25b7e2e29244
public/data/population_x00_y04.tif,16037,bf9e3c0187620454e83e444cdfac50ea8766a4f4507e38bd5645708b5d59f6fe
public/data/population_x01_y00.tif,805,4109557db538430603f868f85fabc020be32347a421a40567f2f951676d2e8e5
public/data/population_x01_y01.tif,805,b3ebd50cdf4d31c4163abe80effa47d62eac9a733ae5557e0f27db5f9ecc060c
public/data/population_x01_y02.tif,9149,4901a4a7e86f6c6a31c2b356ab043daecfe51186917d05942e290aecec652df6
public/data/population_x01_y03.tif,15762,a67fea8a9ddc7c0b573ca54fae2bacfd0d4ac60b590353c8dee672a064ccd8a7
public/data/population_x01_y04.tif,15709,1ab5a2cb337da23c7db4b867df3c0890e5575fb7e0d1b1c6e6efd23490cda229
public/data/population_x02_y00.tif,805,21fc73c032d187ce51f7ad9db1c761f77eb30a8f55cf31d64cbec20fc6206139
public/data/population_x02_y01.tif,805,01d6a2aa2e07c32787f216b9dbec491ee47a40894d71bdaaf4b302d5512d44ff
public/data/population_x02_y02.tif,9404,f6a2a5d352bc757dcde4ccf918e6bb57b4b60c59785ecdd421e36959baf48cfd
public/data/population_x02_y03.tif,15713,d6f7b330acba393fe31b1d07d20e22e6db5a41faef89f66d9cee10ea13ea89a4
public/data/population_x02_y04.tif,15979,e281d215317a8dbc0fae55167d1e52b1cd90ad16ff2478034a2dff3e1423cb78
public/data/population_x03_y00.tif,805,c91d118ea4f0f5f2329b19e1b0d0aae3af9969e19b98392b77454ee484dc05aa
public/data/population_x03_y01.tif,805,84dc2f92830f4bc9b4fb2dfd17341ba939cf8dda1495b933cc1d2c0fc4084c57
public/data/population_x03_y02.tif,11148,0910150ee4e00ddfb7fb3c891f971e8da0cfde19bb2a75b2728bf655a3978761
public/data/population_x03_y03.tif,15847,26329fa02267a65fa8c67646833ec6685051978667b9d0cdbc6cd611c59ca392
public/data/population_x03_y04.tif,15636,60223c5b30732e8b070a5dc2002f299365c4da66aebfe63739408a852cf43d2b
public/data/population_x04_y00.tif,805,a3aff90542d13f441208315e52f62aad5dd6188f31bd83043777626a638d682d
public/data/population_x04_y01.tif,805,1f78ab822326c6e0118a0f77012454726733319a076c68e148a6a0ab747d1917
public/data/population_x04_y02.tif,13894,c08117caa0c3471ca753be40a910e90931f03cc649956f94ab84fcbd537ce216
public/data/population_x04_y03.tif,15630,7dc90f23dccb51241d719c601fd1c668eeb3ba03c4d6a268af52ead1ef3cddff
public/data/population_x04_y04.tif,15799,65e9c094ff72b8c474c8a95691e9dfb60d02f197fa67b068bb0499f598db1d04
public/data/population_x05_y00.tif,805,747a3a9dbd9195d07857df77fb7fa748e1f023a5d0232ed6b64a1e924e3d77fc
public/data/population_x05_y01.tif,2963,8d12ddca72485f1962d7d465c7357a686f61deb52ed605bc9b3ed40a31e6cc02
public/data/population_x05_y02.tif,15699,7eb9fc0e65223b488fcc81ffa53f45f3064ee66757b3425855384bf1db696f53
public/data/population_x05_y03.tif,15576,3439f2adb6cd535f84bde8cbeda529ba33f72e6cc864767f6064d231f278db7a
public/data/population_x05_y04.tif,15595,9ff4c5c9d98dc2c9aee6cc58926c96308eb2ca11fba008774ed6a199dc7a055b
public/data/population_x06_y00.tif,805,8295b8fb0cdc2618ef67d8a4eb936e5680b3d7910760daa9decf7ceb1d46504e
public/data/population_x06_y01.tif,4232,8cd85407b3924e00714ccf6ca698538f8569577095f4295d4dd857a614b9886a
public/data/population_x06_y02.tif,15847,038a0c443ef526d0719452dae39b5052f801b8490cf021a48f28cbba5bbe0acd
public/data/population_x06_y03.tif,15852,afdd6ad17f0ca176ffbb271866ef77253e9570f4a3b505864760c5f3bd63a3c5
public/data/population_x06_y04.tif,14061,b8c5c5937dad25199172a048606e453834106e830c7cebfc58250a1ad9857e35
public/data/population_x07_y00.tif,805,c77b223c586db60faf604dac61c394198e69ddb95d35901294e613c45a15ad8a
public/data/population_x07_y01.tif,3467,802a7d6719b3733ff89f43667ead7b7e37219a47914b95d62a706a4d360edc4e
public/data/population_x07_y02.tif,15800,b92b187c2835c83f6728081cc7dbf3f35f4a8e272e21b01657462246c8edb599
public/data/population_x07_y03.tif,15792,d08d9bd83aca0489debc2ddd8b0b22f93282960fb7264bf3955335f5b6b377f2
public/data/population_x07_y04.tif,15276,8aefca1c58eedf4bf3d88ce16ef4faba240257d055c69d6559f1021e77df710e
public/data/population_x08_y00.tif,805,fee584fa3636b795beda1ee2d5fa01ff999ccff477a15f8f4297bc817e97b0d4
public/data/population_x08_y01.tif,805,a5858d0d2b4c6a9c403f14b68e20457e830dc9bc553529a5112cae7ea7f40e64
public/data/population_x08_y02.tif,13719,5d14e103dcef48540904e85666b9faa5bd3489b11ce34d9e52c6264394cc11b9
public/data/population_x08_y03.tif,15575,c3db55caf607ae8795d5b0d13bc19434bfc7eb78e43231a35a6d04b705fb6880
public/data/population_x08_y04.tif,15380,07919697e8efe978cbbf131f5674e3159912262210f19f2d3f3a9b6b5f20be4a
public/data/population_x09_y00.tif,805,15ff95b906fb461136f51cc2a0a30d482581b429f6d4c577e08cb209ffb67b21
public/data/population_x09_y01.tif,805,610b6aee1e50353ed24211b27e01284f914fa0dc3002a86157349230a437e9de
public/data/population_x09_y02.tif,8129,ba17865b77c591b5cfef0388eb89793663f5840da6a96112d4e0103a5179fedf
public/data/population_x09_y03.tif,15631,c495111299fdfcc8c3e3d0c1b7a87b999e71db6b65b9bffb5c1df67a84e4dc2d
public/data/population_x09_y04.tif,15872,1a5a921ee733ef7f8ebf6d03f741f3e623183a3abbf549b9a659977ae412828c
public/data/precipitation_index.json,8573,aef081921630303b4d6d58d1be20bab94e5be4f3756f074d0320052a3a393a85
public/data/precipitation_x00_y00.tif,1065,aa3503389169e9b57c149d3797e89be22106ca42959343a64d2cceb6d967bffd
public/data/precipitation_x00_y01.tif,1065,523d01bba44cbcf881595370332f2b81925a796e0a3b66683e5fca394ae7bbc5
public/data/precipitation_x00_y02.tif,1065,b2c43f6b21b87e447519c98f313bc1ee56a0d9fa735ead669ad882314a73aec2
public/data/precipitation_x00_y03.tif,1065,65a38034c3cad6d2196b38c4bb635d40e5a863612b484dc372364aa906fb7498
public/data/precipitation_x00_y04.tif,1065,494ca4e13e622b2b30cec5cc9bd740062fde796cd003593791eda2b2785619af
public/data/precipitation_x01_y00.tif,1065,51b9562e7f9f15a5e6fa85a763eeefae8c685fa222e7e2020c3b3af30ce313c6
public/data/precipitation_x01_y01.tif,1084,35eff98a7812ce1c31c1351359a2d83c6217689a8654eac6818dd8de0766dc00
public/data/precipitation_x01_y02.tif,1806,03c02ff76cd2adc5c21c2a879cf9be4011054ec05dae636becfa725e841ac200
public/data/precipitation_x01_y03.tif,1809,97c6416cdd5a1eed03d60bc247c4187e4d79883c7b4ffa484a9edce124d479f7
public/data/precipitation_x01_y04.tif,1820,843abc9eb61215efee97cf8430a9d2ecd5072e7f67b9abf5a24b264b0fbb6965
public/data/precipitation_x02_y00.tif,1065,2613e65d36b939ac56ff217a60f61767117acff75c0bca2ec93014c1e9f88b4c
public/data/precipitation_x02_y01.tif,1088,2eeddd8360f9737550b60159330863df1f88a9e92b7202444b8959ae898aa62d
public/data/precipitation_x02_y02.tif,1815,1ec25d6a1babae97c33c6dacd2723ef4f4faffdb642d3b17820a4de01fd1d075
public/data/precipitation_x02_y03.tif,1817,fbf9bec0c4f302b868775cc4ce953b93b06666e7a07fb056bdaacf5fea6f26a3
public/data/precipitation_x02_y04.tif,1835,5126e9d92930a0e8cfbc01b368cfa98ee9e9e60badfa2826b65e76f6f58507bb
public/data/precipitation_x03_y00.tif,1065,647935cb2265ba8995355897ad624e8b1651c5a68ad7bbb1bb69612496a6b59d
public/data/precipitation_x03_y01.tif,1082,d06ceaf02cf055be00a2b4a9c4f37f8e4d4cb943b4a0d3bb1f13afa84b7f2caa
public/data/precipitation_x03_y02.tif,1804,9ce0adba2f4ac53076bd819d7e5294059d6faa0a5845fefc14ca99494611ac3e
public/data/precipitation_x03_y03.tif,1806,ba2f32bb61733b366b105ae1a1612507d9e87e9b8617065e3f66c83dc7bdcf3b
public/data/precipitation_x03_y04.tif,1819,805360e20bdc62f55e3edb23f9170b39bc3897c79224fe5a73d024807456bac6
public/data/precipitation_x04_y00.tif,1065,eac8d3f592b627e3cb94cc4d05c99cf88ade7eeb308b771bcf812d7bdf754141
public/data/precipitation_x04_y01.tif,1087,0d116f963003fa9181e9d019266f3b66498b46ff866260845002c7aa38209a31
public/data/precipitation_x04_y02.tif,1814,e927dbedc7615c07de3c410b559f95169188d4b618205f1447ca45f3c9f72b09
public/data/precipitation_x04_y03.tif,1816,976cb60674afa3d917fb597107ffe23e981f1c9af8f1fac1cb12ce0e0dc21fc5
public/data/precipitation_x04_y04.tif,1839,3d7196843cb89e2164cb604b077cf64f8d4bfc4fbdaf1541164a1be62bdd0b7e
public/data/precipitation_x05_y00.tif,1065,796369203d00a31e5a16c463ba7ee4545a554b608e93444e572f531774e207ff
public/data/precipitation_x05_y01.tif,1081,5f8f3386e6b83f272945e15b279e1f1494427b48e28bb52be26f295dab33523b
public/data/precipitation_x05_y02.tif,1803,7eb430d13e8bd7cba809cbbebfc77cee0a5e233023de37fd2a29ee15a70b5bc3
public/data/precipitation_x05_y03.tif,1805,8c087175f9b9031aaca25ddcfd9b3ce69b2d1b46635fd5e1355cae9f1cc44499
public/data/precipitation_x05_y04.tif,1818,cbc0b32b20c43d552a242def1b544378b1cb1fb556003c7b692974f84865e858
public/data/precipitation_x06_y00.tif,1065,112ec3cad1e15e39a1d29943132106e45ee7cacc5d420bca35d2130ecb6a6951
public/data/precipitation_x06_y01.tif,1085,a75796da8774b4aebaa28d50197cf2932036193ada0c0a6b29214ea6ebed5a45
public/data/precipitation_x06_y02.tif,1812,91b9c15100a5587d4003470976c1985f628daf2e3ae0f64672d2563bcb82edc0
public/data/precipitation_x06_y03.tif,1815,00ac06e364456ce82b6eed83cd5780fa827f34b24fc0949291b3c02d071ba593
public/data/precipitation_x06_y04.tif,1836,835ccd15959fba51c3aad548058f29d2ff17df4b7820b5cb9387eaaddfa49c99
public/data/precipitation_x07_y00.tif,1065,6f5974f210c2b1e5c933ff0696686a316830b8c8fb5e6e3bf167052b0d43d97d
public/data/precipitation_x07_y01.tif,1080,d7a9de0b75bbc8bab7b8880c9f66b561cd4cfb0325c70f1e380f85d93611d377
public/data/precipitation_x07_y02.tif,1802,3cb8a2bb91054af7d90692e53db304c3db1c173e311c6f3fff97e9789c319850
public/data/precipitation_x07_y03.tif,1805,6584d8a3e2a6557396fa3640591288c4a6f73e1a02723d558f3403e2a84e0745
public/data/precipitation_x07_y04.tif,1814,64b65b30b53345ead653b337b346a329160cef2b0526200d3454324eca94e5ee
public/data/precipitation_x08_y00.tif,1065,18a93cdf76f5830146a5af2718b57821d18d548aff5107bdf39f1b6baeed1b67
public/data/precipitation_x08_y01.tif,1086,68fb1219768fb4f13884e914ea77fbafcc5204745e3b4f17fbf4f4aa299a6501
public/data/precipitation_x08_y02.tif,1813,df8f40d84a0b820880dcb7d97dd2c8453b0affabc2565ebc37d0445af76a918a
public/data/precipitation_x08_y03.tif,1815,9b3e368673ec652b82ec2fc7215bf26f88230b4362e4f3d4d63b64daae542810
public/data/precipitation_x08_y04.tif,1836,fe19c209392223127c1cadd4b123545f8096cca63c4951d142e3eb3f2f34cc9a
public/data/precipitation_x09_y00.tif,1065,05f3b1752573dc144e39877791dc082a21d0ccd43efbf5037959d8ced7088950
public/data/precipitation_x09_y01.tif,1081,0406632e06fd902798cf1073916e7004cbef3dfe4d268eda3462d0b4994f0bf5
public/data/precipitation_x09_y02.tif,1803,76e761779520f96a5cde27646d0527e009c04238bd9998904ec969694df4ee66
public/data/precipitation_x09_y03.tif,1806,8c595db0afe990a8b32e7c3ab133fb4097b4c23dc4374bfb8ad7ecaf092bb19c
public/data/precipitation_x09_y04.tif,1817,475247c179f551eb8447f67783728989e3631aa133d238bfa95edc3efebd0772
public/data/slope_index.json,8173,4fa4d0b4530d2c4d795f4041f05bab8cc4e8c850ac45da5c4438ead105956ad8
public/data/slope_x00_y00.tif,795,72d7543ab224433f5761c90985a20366edbbf640e9c65333af64023e9eb2536e
public/data/slope_x00_y01.tif,795,932faa70ef5bbf2d224525fbf62f31c720b19eb0b00381330b71b5da30aa9fa4
public/data/slope_x00_y02.tif,9122,4ac13346eb6ef5acba80bea05d2db3465db3abc575d0dc1f356f8f40bb0175bc
public/data/slope_x00_y03.tif,24938,98aa4c9cb0c7f4a36fda5ad4299c39b3845293a8efdf1b3b5084e3e43f41d6fa
public/data/slope_x00_y04.tif,27519,25d6e984b40689cf69522c1617f18291c46e07fde6c5e165d503e07bffd996dd
public/data/slope_x01_y00.tif,795,7570f79ec25d01a38296650f9a1c765adeccc9771e5c398b96a2d6456acd86b3
public/data/slope_x01_y01.tif,795,0099c97b71d37bd856bb6d7d4a49377fc4a36f328fe3d72b708843b858895328
public/data/slope_x01_y02.tif,15567,ff31a367302ac039e69df45bb49f522e7e37287af956166f379cc4a0fa98b818
public/data/slope_x01_y03.tif,26622,750d5ecf032216986c979563b873f132a84c8d43a13eacd9c93c74f89528a800
public/data/slope_x01_y04.tif,26919,a0432f28e13d4ea4609814fd9488a34e366177d3bcaa06772ce683d142c07ba0
public/data/slope_x02_y00.tif,795,f8e1cb2fc46f8154f4a21e9c8b9552b4c3c44286385945987a2e5de4c776f00c
public/data/slope_x02_y01.tif,795,199876f992a2b36c98ba24f56ef130c6e6787fa7b096bab260beb91f0e1c25a6
public/data/slope_x02_y02.tif,16350,50a907668a1687068dcac9569e960897c54b5448ae4e9fef02f9746ebe7009f1
public/data/slope_x02_y03.tif,27164,6a44146fd5a08467c55598742299c565138256311baa94d44e67e07484ad1ee0
public/data/slope_x02_y04.tif,31654,8ff4a98d57c9372693a5450c5d9deaa41716667f9e64f9450ad7e65c3d40ebeb
public/data/slope_x03_y00.tif,795,9faeccd42706be0d712d8bd0b3c2117565ede59ae8aefea9badb0546a2ecbb0f
public/data/slope_x03_y01.tif,795,4b59307d9c455535ad41cfbbf59c419296a503d0beec388179bec11c0cf49847
public/data/slope_x03_y02.tif,19703,845ee1563bb57dee0f65cd7034f4fd045884207a6196a2612719c64700e82811
public/data/slope_x03_y03.tif,27588,d3f6879dede94794bd97fd2d4210a82f726cc14bfce2ff361291ab9da50a7bd2
public/data/slope_x03_y04.tif,38571,2d8ad7ef7a750f4db2468710e8ede7c9c6450a525dc3138edba5fe402cd29ac9
public/data/slope_x04_y00.tif,795,7543c3d4bbe36b3909e064b6df565fe70a500005c271c204808b26e99fd4aceb
public/data/slope_x04_y01.tif,795,37601c98da65a0d80905de2903b9e4e3efbeba43bdc713d13a5096d627db2984
public/data/slope_x04_y02.tif,24761,fceec4d76c3aa5fe1dc642a60e8f489e06e3249b79f69b6f0456d84bd29f275d
public/data/slope_x04_y03.tif,26889,e916525fd8eaa1d18a05406409c59ee810e284e10dbfa8302ec326ff4df958da
public/data/slope_x04_y04.tif,41320,561742b682e6fc46cd847d742a7a54431c9a74511f3c0575bfe77bf152948b91
public/data/slope_x05_y00.tif,795,915aa15c76e48af6f860d4f0f954cf529106d3f59529620243387babaf875593
public/data/slope_x05_y01.tif,4717,9f3412037f70f4215cda231032b0b11054a31a7232898d720828f59b967faf91
public/data/slope_x05_y02.tif,24644,5f86da6f8d4e63bb4263b26d05a50d4ed3b31d55a00b34b7a5c70372cf3362be
public/data/slope_x05_y03.tif,24927,bc529489d948d88d798340f7e13fbf8e11ff34e8b79d8c3c6dd6d8187b206d17
public/data/slope_x05_y04.tif,41348,bdf31be8aa11cc8f50daf67a036e0710aa0986fc80110edfeca6a23cfe88d0ef
public/data/slope_x06_y00.tif,795,d567e919d642f464ce2aedb5071413b1a97cb6c00834a60e273d4a8ae06f7b8b
public/data/slope_x06_y01.tif,7023,b83abc519d4d99b3e71f4aa854a24904459da54c79181dd066f51d62ff45fa97
public/data/slope_x06_y02.tif,25320,94cf4331015c089cf338d6f8f632c75ccf2a9508972131e43ee3b02b7881d8e0
public/data/slope_x06_y03.tif,26076,aab18fde96397d1116cf235782309bb08834fcd4227af908e32aff17cbbfad05
public/data/slope_x06_y04.tif,41894,7f8ea9ec93cb2c35da3e478e1a84f07ad433617b73601a00a88c0c1d9feeda38
public/data/slope_x07_y00.tif,795,1fb0c374cf53896d3e3ac53c7da611ff7800a8ff982abf45b7fe49312c3ac9ac
public/data/slope_x07_y01.tif,6458,dda1982ebb726f0f9e107c588b9639036de741f4359b6a08b96fc8e8087f369e
public/data/slope_x07_y02.tif,25556,53376c0c8106085883dc1c9484b9787f0ffddfe3674d435ec7ddd06139c9473d
public/data/slope_x07_y03.tif,28034,159fbc43616110413b1e040a789f722d6bbfd8f5c105ee185bc84433cefd0f4c
public/data/slope_x07_y04.tif,48452,dd23e2f60a2f26d57f1436f2d77668f8c77d40cffb089c989b095720170179dc
public/data/slope_x08_y00.tif,795,db89e5b20454170c2bb98a2bced1d89b1842ee2ca631ccec330cddea5314db06
public/data/slope_x08_y01.tif,795,c07a7e01b23959250c2afd4104ec87a7fb05e660dd51b817b655410b221b7f33
public/data/slope_x08_y02.tif,24125,f9e671cb8e4e90998794b928d7e45e1309f16e21edb40fba537a4de58e3ae8ce
public/data/slope_x08_y03.tif,29667,cd92452157b383b3da08581dae07bc94cfed70804dc2d599af15a9dd6d716e68
public/data/slope_x08_y04.tif,39016,fccbf7b99e87d228746598b049f80ecbf85bba83d3ba1b3bb81d6f048248e8e8
public/data/slope_x09_y00.tif,795,70a8b4f625c4b38504daffbcde6123c7c0fc8b75359cdc6b4d02a7b013e67d58
public/data/slope_x09_y01.tif,795,40247ef437d18a6469deb8845682419f2ff3efce79a748d5d4174745077e5a62
public/data/slope_x09_y02.tif,15165,29d5c59c12eb3c1f2a1816efd5cf817e67ab5d425243fa19342138a59823bcc0
public/data/slope_x09_y03.tif,31254,fd75a8c2af1ba5942e03cc8eba519f0a4e9c6bdd679053e55d24ff31abe01dfc
public/data/slope_x09_y04.tif,36222,d930eca58a8cc94855d399005ca6748761909aad795577cfd9563535f3b36009
public/data/soc_index.json,8073,8bdbcc8b12dd0036ffc6fccdc99dc7d3e42b0e60553881950060b8fc71afdac1
public/data/soc_x00_y00.tif,748,793e764dd0f8c605fc2c86c6b4c4f67dc7074a5ffab41710c89cebbf53ed0360
public/data/soc_x00_y01.tif,748,1849163c72f25e8bb9353cfca17cd9491214181d0d2f313c59e44b28e4f8171b
public/data/soc_x00_y02.tif,982,cbaa4a9472c844dd55735331b4b589c1e06b86b686840e7fc0bd5f06b33d9efa
public/data/soc_x00_y03.tif,1228,9a46dd78562a6e2ddb7bd28dbbe76dc26cb64f426a658d498c8d39056c9baa49
public/data/soc_x00_y04.tif,1281,bd8dd1184bf061aa3b9336a6fb5b3ae69c2b0f490cb478d0a73d893e8741d077
public/data/soc_x01_y00.tif,748,9d63494a2b2e293794edd941a72432338376156bd7383aa75b1ce55232b8171c
public/data/soc_x01_y01.tif,748,9f84c9bd955374ad741623e9dd7177cfcff86c1b61cfc8cbf40e5174d5d655f5
public/data/soc_x01_y02.tif,1116,75068cdb1c3ec8aa50a88931a352185f7933c406f7849cd2e1f0eaf404ad7fe9
public/data/soc_x01_y03.tif,1234,b7f9b9fe59bc65c9de1585d703e80564ddb7c30e783015708f8aa525f3e400ed
public/data/soc_x01_y04.tif,1307,a084b5a7a206223310c987bfaa251db12ea88dac0a1ebe5c03b7d872ce1757bb
public/data/soc_x02_y00.tif,748,ddd171d3bb9e66fb5457b6a7b3fc88e34e43b79980db3fe16709b49a2930a635
public/data/soc_x02_y01.tif,748,904b8035d545f196b38a529654b8a1d43725801ebfa2605ed47e5a80bb783c10
public/data/soc_x02_y02.tif,1135,20104bb1d467ce25513532e75a0aa580ba815916fa330f52414f1c49aa97e21b
public/data/soc_x02_y03.tif,1245,54decd4f1c7aab271ecdd0773674e4ff7e4e016a9ebe54d3c8553accb2da420e
public/data/soc_x02_y04.tif,1247,99179843c547680cdf34c485ed3ce36cf4156068b08b31c8c7bdce601d172616
public/data/soc_x03_y00.tif,748,668a4049ff8a470606f3f33b0b781e17a3319837fb640dd7ab58493d36039218
public/data/soc_x03_y01.tif,748,0bc039091d4e555a9e340f12dee984bdfd9c3e84a4be5d2793dab8dba50c3b18
public/data/soc_x03_y02.tif,1182,fa9484c6e7f1d73f46ecdec57248b4b5cbfa691d34caae1f0a438a2934c9ebad
public/data/soc_x03_y03.tif,1269,2c0e3091f16e4a756798fc29810197d3a1ac8a4cb1b8b0e5fb22c0e7076430f7
public/data/soc_x03_y04.tif,1294,854f9d3691fc87ee24d01bafa84fa0cdb3e1abbdee8797dc37459b2b746fa260
public/data/soc_x04_y00.tif,748,298916bc3ae4f65e2301b93fceeb08a168a94ba9a55af3878d477297db5d86d4
public/data/soc_x04_y01.tif,756,d8fc002e0f5a6cc2286a3d30a62988c7bfb0ebce523d2b26db155c73e501380d
public/data/soc_x04_y02.tif,1225,d12c0a9af0f4424f301efb60b3bb4ea657bd481ebe08ec8cec252d0bde2dd08b
public/data/soc_x04_y03.tif,1298,8f31474a0f4634090ee4517d14587d5522d9a9ea9d10001e66fb182558a767da
public/data/soc_x04_y04.tif,1289,f35dd4c5d3b4f32cbc86bedaca60d0fa64aa7682ca073eb444bb17a4399737a3
public/data/soc_x05_y00.tif,748,17cbd9483e919e5ef5918765235fa03766b73ced975224f593fe054cfbadc07b
public/data/soc_x05_y01.tif,875,31051cb669fa19b3bbb200c69c386c425814b70679a659b9555154b9361c7530
public/data/soc_x05_y02.tif,1284,dd3bed34d9cf5103ea5fae69ed8011a54c578aedb36f05529301ef70b756b3a1
public/data/soc_x05_y03.tif,1325,fee6486a09884323ffe5c23bdcfca13abf7eca4ff5e64b82eb50f0d26da85e83
public/data/soc_x05_y04.tif,1342,fbaee95ddbdf6a10b17d84901345c0630dd3669d80b2065ce16c6aa47567cdaf
public/data/soc_x06_y00.tif,748,0c09bc9b9b0c02fcec247da664378706a1360e363e1333049215632faa7ae409
public/data/soc_x06_y01.tif,908,d76ca40944539fc3979f2bf15837da14621fe8f7eebf50fc3c72b347a4cf5cf2
public/data/soc_x06_y02.tif,1326,f086ffeed81cafe10ee75d6da9c90b79451384c9b82f47537619c23f780b0c4f
public/data/soc_x06_y03.tif,1328,bd78d9d2cc708f2f3fec065737ea25c185027d2fb7f3bc873ef012f5fd8b0a49
public/data/soc_x06_y04.tif,1447,4238a20aa6610f0cf32d0d3fd411de683e81376550bec126f854e164f009f735
public/data/soc_x07_y00.tif,748,db6e79ac2c02c4fc7b3b05d220109a76b6ae97d2b7254e33f0c820e06ddd25fd
public/data/soc_x07_y01.tif,888,7dbe32f8458e791719f8c6fb23827cff25e9148c3968c8221da97b548b4ebd82
public/data/soc_x07_y02.tif,1300,2d02ae77f7118e657f54f2d33d59680463a00b81041cb7834862ee9ffb481030
public/data/soc_x07_y03.tif,1287,bd31965ea1536f993d842bd41bd8e840a3dec1f9a31fc76c20ee41cbe23cd921
public/data/soc_x07_y04.tif,1388,7ee4ef7f83815e57e817b229b4da3f51e04575f19d72ab10ac57acbb3e0e86de
public/data/soc_x08_y00.tif,748,b0aeb39c1fc0e2237c552ae30bf8d40f2ba5ef37f31d10ef27881d8e51f0fe26
public/data/soc_x08_y01.tif,748,e168d64b4050edb98c68f9e40e598ef2a224e894956f4cd10fe5f54a3f08d776
public/data/soc_x08_y02.tif,1299,d5e1a20bd9bb25fe6fb780135eaa72974bb2a933c187be99139374637b0cb848
public/data/soc_x08_y03.tif,1347,21840675c587953dbd196c74fd90d21f97778bd6c2ebb3707bbbd3b6ef52b025
public/data/soc_x08_y04.tif,1451,696eca75f146be0678e38763d1d72a5da12a18c7590958fde0922e00f4773749
public/data/soc_x09_y00.tif,748,5650fcaf17ad31509f8aa7ecf7716f200d6b1ae209fdd07fa6ccd6775c7457d0
public/data/soc_x09_y01.tif,748,f2997c8849524d8e198047f283db45b8114e5311255907ad9659c57b04e85f75
public/data/soc_x09_y02.tif,1088,72fea3244954959316d7b77c6fe78e0a12e96be00d3f989c8744ffecf4d3ab35
public/data/soc_x09_y03.tif,1235,2335bad70104295f915efd26d46336d9b52e7bab3d57facb653e99c12d905fb3
public/data/soc_x09_y04.tif,1414,e073ee7d64a84fd5f5018fc5d5b1879601bf0e18170b3dae0291adaf1fa3f992
public/data/water_freq_index.json,8423,160b93164dd15926b3e45e21c67361a7b378e031871f2b886bd931e9bd85895e
public/data/water_freq_x00_y00.tif,7275,e76bf7e5b76fba7a1812094a0c4b4d35abfcabb40870dfb81ab158ace77582d0
public/data/water_freq_x00_y01.tif,7736,4c025ed6cff92ec362302160d96da5d403d57eda6d924fa8fb35d03a7beab040
public/data/water_freq_x00_y02.tif,6343,b4d7b92c14df11ee63f07bf4ea91a73e60c74c0fdfd8f1b0bae4134bf3cae488
public/data/water_freq_x00_y03.tif,1100,13965464b4c9c0804275619069a30b6d53a16b69c5eed0ff136b80f342372987
public/data/water_freq_x00_y04.tif,1058,a7714ce96b1817cb95bd06833aadc009ec014862b3e20e235a4a0b49b7f714ae
public/data/water_freq_x01_y00.tif,6928,de7b9a0ef14023021a79f5760196775a6f2823099eb7d5a2f409d83a363114d0
public/data/water_freq_x01_y01.tif,7378,0d7fd8a088c74f30d49c29ce1c157d4d3bf33145b6a95c0837d200b16bf48799
public/data/water_freq_x01_y02.tif,5006,57824c72688f69e2cb3bc6c3fdf52c0fa192cbacbef04d89577a3092b6606245
public/data/water_freq_x01_y03.tif,1073,17b7abf6debde5c1c5833e65cc49776bd275791f3e3e95d4a2f46ed520b0227a
public/data/water_freq_x01_y04.tif,1002,3fe49612ef9ea32244d689595c3549c5a7d2e46d013435ce797176c75253ab40
public/data/water_freq_x02_y00.tif,6976,2cc6ea901a91254f42f3b9269f8f01aa2b96217ab9c76c51f5cc03f6281376e8
public/data/water_freq_x02_y01.tif,7411,cda0f9eb528a2fbe60abe02ef7a4cae392db7f6e23639197f320fb34fa22140b
public/data/water_freq_x02_y02.tif,5112,72022d1695af310d532c382279749105af4d4509d97e4f2ad99d96d5c89aa0c1
public/data/water_freq_x02_y03.tif,1155,52d3b5dd0070d20c05f77877cf765242e01b88eb68ab6ce502ec594ba2d16580
public/data/water_freq_x02_y04.tif,1443,bbf39a5a26cffb6231b25b1e375ff620bd41a605e7945cd95c1eb2547840e874
public/data/water_freq_x03_y00.tif,6979,e928fbf05b7a14fb0e485769f71da2de906337b1c877666abe9b411f08ed23da
public/data/water_freq_x03_y01.tif,7141,ce8c1fe85d92fb8ef855cd0eef3cf2c6f1b8a48be30e3948bbc12c48c78ccf5e
public/data/water_freq_x03_y02.tif,4997,e06086114b39aa64b7bddf9399143d629dc30fed751e6d0148c7bb44a01b335f
public/data/water_freq_x03_y03.tif,1444,f8d2b76cf54fb51701cd08065109eabd7871eedb47b005e146add07834c4f2e2
public/data/water_freq_x03_y04.tif,1106,751256d9d81eabf8fb647c281a1220cb4cbe1b5e198196521ad1cc8693f06cbe
public/data/water_freq_x04_y00.tif,7216,fb5847b4e4281a19dc7a357e541b61506174885a9de84625d0488da0e56d8cc5
public/data/water_freq_x04_y01.tif,6927,0132a006a20e8b43cccec4ca0f49c5a7a28325bc9862ba59692075dd56d7d085
public/data/water_freq_x04_y02.tif,2594,5fbe0a1535cbc4b2dd59a431c37bb6eb0ecc8c5c98a69655d2a7a613de1bb4f7
public/data/water_freq_x04_y03.tif,1101,fa2eb91ac0bb5a00976fa3155d5da976e63ca1072646eb5e620712472603dbcc
public/data/water_freq_x04_y04.tif,1243,8d16ed507154ef28bf752dcaf911deef4ad4ede6005243ca81440d0910a4f612
public/data/water_freq_x05_y00.tif,7009,728d9ddae694f6fa2b0244f00f0579f953e820c997fdf6c502290ad7a951c0f3
public/data/water_freq_x05_y01.tif,6967,66ad37481b25dd78fddc51b839525165abd5c33862d535e9a49cea73f361b2ee
public/data/water_freq_x05_y02.tif,1059,dcd1f8be16fb7c84a11deb5d0508bd61fd04d2ef5dd857961284793f314a0ec3
public/data/water_freq_x05_y03.tif,1006,6921681a504d54fe5cf8d68cf5f7f1228f5b91979676b3d958c4339589f05a9e
public/data/water_freq_x05_y04.tif,1232,16e8b98980c51590c8f0f9cc23eb46cc30bd1c6dd9c737ee40ea39d51f9af4e1
public/data/water_freq_x06_y00.tif,6891,5148d1e6b3812b02c11edb7cf7be3cbab05fd0e2da4c4804d9ddc05d50e335ed
public/data/water_freq_x06_y01.tif,6540,1b201d3d6122ec9ae3db8e55f3b96f22f4c278e4e4a7505bbfe6d299924b17c6
public/data/water_freq_x06_y02.tif,1008,5c0d208212f3cf1ac91eb0b90f111a21be2e8d593d58b828c3d0f7dc5bce901a
public/data/water_freq_x06_y03.tif,1048,aac084572991c0b9c18fba8c467dcb5ea27abaded3d7e2ecacf1b7be64209b23
public/data/water_freq_x06_y04.tif,3832,648afe5e606685c2932168ae7f1d5ea9a660b905fde3c344a4bd6fc197cb6118
public/data/water_freq_x07_y00.tif,7093,fe5f28b43f2b879c4dd051cb9a2ee7c02722ffc67bde5496f48afb7cc648f069
public/data/water_freq_x07_y01.tif,6813,a9a1eb4492dcdbbeefada4873fee2cac7bdf423ea46495e833dd084091b8444f
public/data/water_freq_x07_y02.tif,1113,00dbb1dc6e6245462c4747942579bebd951534ef3dc08cb8d2e132614b5ce7fe
public/data/water_freq_x07_y03.tif,1230,1c43be71b455fe13f1d9abf53bf3f03f2e1991f15031dd2d4080c33f4c30d8e5
public/data/water_freq_x07_y04.tif,1815,b5f60c986e8c6abee68dd2810267c04159bc839acbd7610fc89a7db3107f9cff
public/data/water_freq_x08_y00.tif,7230,8c035ff4044e0261f5963aef2bf5458680d0e6fba31856ce3c2b5ce446bf4c00
public/data/water_freq_x08_y01.tif,6964,05ed1a9cf3a0854fccfe80afa03a705c9d038acbc9bab09aef3342b193db445f
public/data/water_freq_x08_y02.tif,2734,88ec4b77712291cfbe64165d2890f3ac321d786a14fa842571b974824ac05b5c
public/data/water_freq_x08_y03.tif,1356,890d994c691db49eee2c2f437b507c65dc6ee08a3359d9b9120c7b13e806a05f
public/data/water_freq_x08_y04.tif,1086,6e007dc2f86906254fd4064b371fb3e30e086811bb6c99acdb92def1992aaec9
public/data/water_freq_x09_y00.tif,6966,93c530c7948227bacd557ffa78f9657684cedaa4e20475ac9149681bc8fde864
public/data/water_freq_x09_y01.tif,6707,1b7d6971ed65e4251cc79c2e4e66f35c9062e4ccb71709309693b7cfa40136b3
public/data/water_freq_x09_y02.tif,4954,ce4fd8c6daebdd24c0f119b50d05255ee4888105115c0dca44c12c2a9dec962d
public/data/water_freq_x09_y03.tif,1124,67f6415bb6734d2149835e38f9fdf4556fac3dd242fd1dc7e477be25043affdc
public/data/water_freq_x09_y04.tif,2036,4a4a5d240c69412919a1f641c30a7bd9b1bdcfb17795b93a93d1ef076965785c
public/favicon.ico,7645,29a40d56580a5366083461297773dbf146ec043d1156f432f5472cb3487f506b
public/fonts/LICENSE.txt,3859,63d3ba759d12804c5b31a9d5940d855c1820d1f5999e6b0872eb1c7ff045fbc9
public/fonts/nbs-report-bold.ttf,25716,e88144294f7ee5123c5bc41e9f95e1cdc6019514cc630cbb007937ee41b3c5ce
public/fonts/nbs-report-regular.ttf,30792,57a640fba58a6005c05734bd116c1cf66d9ed69aedcac761c22da01230b91c3e
public/placeholder.svg,3253,64badf7aabda0b9630b87020ffb6095cb858ccbcf66b355c2aa08b1063954d3b
public/robots.txt,160,a3d27b3ca5ce32341fa9f96f01169b521b1657c05d1860c45d1e53a6258e9e8b
scripts/audit-municipal-coverage.py,1660,2e010ed2a801539899289cfc931ca7b86ef486214fa20d291c54a7b81613859f
scripts/audit-rasters.mjs,7753,dc7ddc3c0e7e093535aa122dfca6da4e7455149d33470a1225befd3e60ea209f
scripts/prepare-municipal-boundary.py,2609,db12a9e86f2c0257af41989d7ed3f87c95b2d3c38f8e70fa88e2af73bba4d6ed
scripts/prepare-municipal-rasters.py,12081,3b7e957a7b2432291a8fcc455dc99d87fe8a54e15f0d7f36e7a570d79d52fccb
src/App.css,606,a0715e0a09edbd0fbde65816a75e0fa0fc8b314c5260c0768c19bf3aac22621a
src/App.tsx,746,bc56d11ad08a8e8f391d02716f3c1ceee74ab48a9599aa35b07f7310c4f3440c
src/components/ActionPanel.tsx,6526,941a64ecd7442b5cec0c800b4b6ce7168a5eb70a6ca861ccbde1eede3f7ea06c
src/components/BeforeAfterCompare.tsx,4269,84944a20990c56a68cc44293d996994269d75bb0853d737f4ed0b594b04a1802
src/components/CompareActionsPanel.tsx,8378,af93bbf0ac56c21080819369231db822b999fff6d532eca3d6544453083047ca
src/components/CostPanel.tsx,13832,2f956def6c49cec67dc1f2cec67e0222cdee550defe516f82e6f679062e1bf24
src/components/DecisionSummary.tsx,4191,42696ee5ed0955e732e4af1cef200698f8bb2dece5999e908e2de7bfab054c3f
src/components/ErrorBoundary.tsx,1564,240c324dd029a768ef55da876ac47a649893cdd5c22ed9bbf5049effddfcf9e1
src/components/ExportButtons.tsx,14532,64ae6a03fe12b1561a804188739a5c2c322d6f989c04690fad12220e1496c605
src/components/GISUpload.tsx,4816,b53289d26fd616f5220663a31006532cd1d1f34ac0ebc089d1d4064b9950c28a
src/components/LayerControl.tsx,4272,5c9f32042e0463a1eb4b704706e1c56e4ecc825dc11e0f66e1349f0319b3c872
src/components/MapView.tsx,59938,4bb804527278b12b6617ddf66137022d2c52ceee676f3c7abe26e6e88ad85bed
src/components/MethodModal.tsx,10650,87828cc4e85129f0b975c35bcdf0d01ba87eb16bf128ef8d3f18ef3ecee8474d
src/components/MobileGate.tsx,2850,f1b8632545cd02ed90de4e31e3920b30d05009d86b1c9fc61697a7183654d9af
src/components/MonteCarloPanel.tsx,3223,edbec173ca2df1190da762b08182f2334910885c32893242a086e8865695618f
src/components/OnboardingOverlay.tsx,2778,fefad1ac94b3d3b65ee51013775e99199cf36879496309971db60f2d0e94b7ac
src/components/PlaceContextPanel.tsx,13554,eb36c6376325b29e6dcfe362bb2b00c01f79b2f1edc4df8e1042de2301832932
src/components/PlaceFactsPanel.tsx,7786,d57a05828ed8b2580e8bf238220687e49a2cad576bbf896bdbc2ed699a45d87a
src/components/RasterToolsPanel.tsx,2384,d655337c60321c8701d76ba2a79b059b134cab7d245c4e2e9bc99f9373563861
src/components/ResultsPanel.tsx,16386,092084bd9065738338e3cb7318d91644a84b49e616ab84c50e85a59d24a0f02b
src/components/ScenarioPanel.tsx,8300,58e4e8fd8f3d921a450d7cdb92738e8433377ecbf1ab73c7b8f10c02836321cc
src/components/SearchControl.tsx,2616,0b4a4a9da727fe4dbeb9622e3bef9566172d31a73c6a6fc1508e191df74ccecf
src/components/SimilarPlacesPanel.tsx,5721,b88f1cd8895a90305b9f8121508d3d96240dcb9bc66c1e8ba5694c538b090005
src/components/StatusBar.tsx,2348,2143c16db62f3a11205209edf44160f31d45315fa359383cf073178be1fcee29
src/components/TimelineChart.tsx,1569,906f223b08daa62225c61dd108f4272e43c0a3c7b144f8e61fa08c4ddc405bf0
src/components/ui/accordion.tsx,1976,9587b5ca80cf0aa68bc2a4e6baacebbe07eab14e1c66c6b6420033aeca9219d1
src/components/ui/alert-dialog.tsx,4313,c8b01137c7552e63c9ccf2c38ef92e5417bd6616b6980d56d3015db027465283
src/components/ui/alert.tsx,1546,6352c232d36b2aeb20cce9692fecd98a472c8bb0b8c3f8a45446c433382e2da7
src/components/ui/aspect-ratio.tsx,143,d72c73d629e37995a0a71647d851d68d6fdcd7ec120797f36ab83a8ee89f2cab
src/components/ui/avatar.tsx,1365,4a8bc00e5514912c54d414e207266fa100906aec2754d590adcc8ccc46d4c5c9
src/components/ui/badge.tsx,1089,b851d9ba385c4d60de471c5f43da38067298bbcc3470807e992acb224041c75c
src/components/ui/breadcrumb.tsx,2687,e5589a54c1ed42101bb24cd67bbc72469fbfbe6b694c46e006424375ad77183e
src/components/ui/button.tsx,1840,99e5091c618896c9a46eba931d23814039709f9a1d150c4ac99217c1bba044fd
src/components/ui/calendar.tsx,2563,845a0b0fdec33d8d49ab8ed05dd29a12c10b5bbcf60f24d0b9fc0a731ab18621
src/components/ui/card.tsx,1785,bdfb74248321c52e89c2129d9d8088a56a3e33dd7850a7c9b0563a7b5ac937a0
src/components/ui/carousel.tsx,6249,561cab7fcb619deed3532d027cbf18ef8e3ebae9def4206b0d36bd22b8474c3a
src/components/ui/chart.tsx,9987,a759d32aa240fa6e929f204b04252e45d6ae458558eebd37dccf4ae9e05ab5e2
src/components/ui/checkbox.tsx,1053,178f8177bedb1704b4dd3e748f4826848981c8af43178c04e1a276a7f017cf1f
src/components/ui/collapsible.tsx,320,fbe07841b794e0d7d08e87ddaaafadf1dc0c63ecc8389cd2c5b4a0a3f5500df1
src/components/ui/command.tsx,4807,07af8bbc446eafcb9563241a88e9906a1e5c9376722f3846f86d153d2e9a7104
src/components/ui/context-menu.tsx,7191,2d294c5e421c41b817f1644f2d54bfdde628cffae2682e69ca504ae754739ad6
src/components/ui/dialog.tsx,3761,8e755711b3fd5e8d7339baea7627da546293fe2df1a88775729c2857e0de4b57
src/components/ui/drawer.tsx,2941,3739cdfc80503412db604efb3ac0149db5f7cd5fec18508839d18dec195720e1
src/components/ui/dropdown-menu.tsx,7260,b1ede0a4144b64853dc7ba62d184c09df479482eada86f936ce5b3d0b67a9a19
src/components/ui/form.tsx,4014,7f6f3b157f0c08880937ae41d5e61647703c7163c3d8444656de711fb0576faf
src/components/ui/hover-card.tsx,1193,8d606e166ef5f9bc4fc3efb1f6ce2f4bb376177a2c6fef16f67f87ad2d13d005
src/components/ui/input-otp.tsx,2166,a301658db5430d30108004cf05cb9469457a882f93dc057097f777ade4ca5423
src/components/ui/input.tsx,799,aacef8933fe99ab553e12a82c874a23c97e2b5602eb6f00018454fa0a8d4f7f2
src/components/ui/label.tsx,696,d5dc9497cbb28a5401b864bd44a15f010c302584fbe8e07e015dbe443f103753
src/components/ui/menubar.tsx,7863,9a44756ba91e4c486b30574910b72f58c136c7a9281ccf0c13bf366962c7cdaf
src/components/ui/navigation-menu.tsx,5030,92736fbbe66e31d1b981d10436f9048c76f4b91d8b89e93b679ef2eb54204770
src/components/ui/pagination.tsx,2683,ac9da1e191c3485524c1e8d8cdbe0b9fa4ea2729c9554f796e2516485c839260
src/components/ui/popover.tsx,1239,ee5f78ece57c9e8eb5f9b4186e2bb9ebe46b69b52f03f1edd9a601883bc64772
src/components/ui/progress.tsx,765,bdc4847f05de3aea1276966e0df9b4a293297f0ca7d7b430a1cb16cf5626728f
src/components/ui/radio-group.tsx,1447,995ec983735b204597f11ae5dd22ba0175dfc633da2ddecf222847bbca387adb
src/components/ui/resizable.tsx,1696,a31af34c14c7c86612d1c2e51c90da59e0edae37dab5210bc1dd2c91dc2f3edd
src/components/ui/scroll-area.tsx,1608,998181a10164aa6e508210064ba61b2f772a92958d7bb2141867007f0ebd9783
src/components/ui/select.tsx,5575,a2b62120a033b36c8d6c4a1693aa9231645fa69251740e15eacec24c1eea4d82
src/components/ui/separator.tsx,698,6c271e740c3d7b54947bb727383e5355788f0176b7b683c3bb970cad9883dded
src/components/ui/sheet.tsx,4197,e7d726b34d0f3214f597a844c7f2c4fc869933f7433eddb74e7fd2eb92500be3
src/components/ui/sidebar.tsx,22837,5754b54ecb6151d7a138426a44a1057a4937ac5a173dfbd1f596a6c9d75b851b
src/components/ui/skeleton.tsx,234,a229c310b9cbcb01ddd5e580865a6f14a19061aff7f6a97ef82a40b6a83583a4
src/components/ui/slider.tsx,1141,adb90b9a11d57909620363d62ff433628adb4ea78f1b616e873aadd6fa2a87bc
src/components/ui/sonner.tsx,877,720fa5658777a469a3096e2fbb59b8f3453c744aab53a35d9ad47c873177b4ca
src/components/ui/switch.tsx,1147,99cda942c2d215d8f25dd33ae06ed1278bcf912b262ed0e907b04f35881ac507
src/components/ui/table.tsx,2694,fab18d9eeb84781f534330ff4b2c2cbe3a93f9bdf5c449debff2f682a83a4876
src/components/ui/tabs.tsx,1897,b313d08a8c85e586a282b615cf30ce0b6ec1eca3ea92149b731f14b4082f4d71
src/components/ui/textarea.tsx,737,992ae49febf32a317a61a6030862480ded12aa9d810589dc71810b65087d874a
src/components/ui/toast.tsx,4834,3e58302fb8b08e886462c275b0f1d390ad4165761b72a90c64fd31b117d0efaa
src/components/ui/toaster.tsx,730,600d661340ddc3ee7b5f9088684e1b3072cf60c9275b2f84bf4860dc29fe0fba
src/components/ui/toggle-group.tsx,1714,a3ea231230c8fff22ff6e0b457e71addf961fe1f80deaba0c80d17e649d34bf3
src/components/ui/toggle.tsx,1416,fb0f786bce638fd414f220e31ad3c902f5c6e25eee9c95ac955cacd50638d6ff
src/components/ui/tooltip.tsx,1155,bd9361649477cf9496f4b48415a2eafb9ae1ebca81af58a29b61b1516adc88c1
src/components/ui/use-toast.ts,82,d48c4c490e5101aa42ceed9b8ca49642d66152ba11daf7ee6c29bee0f5172c37
src/hooks/use-mobile.tsx,576,21eff740f9e5c965c7f0782925a7e8f67ddfcdf0f58b6613550f99c3e1c454e9
src/hooks/use-toast.ts,3932,794b1075d4dd48d73afc7b41ad7c09cb0057f0176eddf0c6733c3da7c7d9bde5
src/index.css,3130,4e52f9dea244e74fda53a6d6e118ea65e6675a37bb0f87ec12e1237269cdb504
src/integrations/supabase/client.ts,646,f700645aa7045aa02027d55b6ecfaf50a7eb5797d189c434b7b92a7f10fc07f7
src/integrations/supabase/types.ts,5035,8dd2033d173d49cbecef614cab33bbf68f30bfec09f682e38c4cf982c6a8f063
src/lib/actions/index.ts,963,432362c49cb39a5afa26d5b5f413b97e5c893ef518e8a26b3fc5742238111d02
src/lib/actions/types.ts,687,512f4a85240a22eaf84a4259c84544335c263a3e349d963a3310f5b4465628da
src/lib/calc/baseline.ts,1233,52c7eb5a121c573071c38f3531d7cf41bda5ccc4a1742555659f5ccde9796bbd
src/lib/calc/biodiversity.ts,3752,6f2b11bfa1003639105d87f6ed403b8678e8340b652dc1fc23d5f9962bd52c85
src/lib/calc/climate.ts,2637,70b8aed23a185e41aa5721eecb5bc91811179c463a347c96e49831ce4f7d0f3e
src/lib/calc/demolition.ts,1662,799be171af63963142a4bfd492826ef4f5ce98a8ff72f5a6e1a882f4eb7f8a44
src/lib/calc/economy.ts,7511,8876d9aa2e16f07ccc1a74a9e4d8eb0c4b631a60fe99ba0b41af0fe3d682cec8
src/lib/calc/ecosystem-services.ts,4914,2dd0d51ad5d69d6362f2be4a0549bb439c5a85a3c5049ac74ef4e043748238e5
src/lib/calc/engine.ts,14992,2a4ad6f78cb41f69061d5500791f53bc259a181a7858a00d45f651d74351fd26
src/lib/calc/feasibility.ts,15376,39e897ea463338914d25cf3f34feff77996b21d29dbd78a555f996f7f3eb38f2
src/lib/calc/flood.ts,2978,7627d0c1b8dae0dd8ed21431c3f52622eb6956c83150156c82216e43e6afb82b
src/lib/calc/legal.ts,3481,b98f67b51288ed72910ec659fa948f3f862cb287ecf7655d242e34c8e5631a53
src/lib/calc/monte-carlo.ts,4935,f63a61e08baa27e403e1eae1b764c9e06f495f6fbe4e41336d7d4742c82337a8
src/lib/calc/planning-status.ts,1094,e21db7c773b4794e7dc82aec88c39b739daa04c7c169dd4f6b749b66373f8245
src/lib/calc/timeline.ts,478,76ff3838b30a58571eb1b8c15c9d7b1248a1fd9fea509aa554acc3c79664c7cf
src/lib/coefficients.ts,19278,ed3a00fed154b7e743ee41e3d736f4361daddbf809614eff163068e8c0f51061
src/lib/copy.ts,5739,22e2a8c77c39f4f63e65ed2f5d2fb900d9e4bc4c61052a19253438b05a761a75
src/lib/costs/estimate.ts,7717,5121e3e735f24775c273cf0d724815b7bf191c36ee233d7f99605b9a66e7680b
src/lib/costs/registry.ts,6606,a3f5ead92d04a40fd06aaa68a0835c41b59d4a3dd3b2afb0bf029330d1a357f3
src/lib/costs/schema.ts,3597,bf90b6ff55e7713b174838af6bc7be15c7575423cfe2776d35ee1c2389ca3406
src/lib/data-sources/kolada.ts,3904,a5f82f2032f40ed1f733a3ed0c848eef2e61026db6107de8655e9967dc5a86ca
src/lib/delta.ts,289,100a2721f0924a47f062c21910879961b9ed4b8b32e5f5d16adaa6c5199e889d
src/lib/download.ts,286,bcc0453bf4c2a40de45933db2f0e74545f71298554105133c33f4694506e8846
src/lib/format.ts,665,90f30a4364674577db6a97a769f94056b92423f353ec748b5dc076fe9d343e32
src/lib/geo/area.ts,497,6426a9e1ec524117e7c9a4387ba01a4689d3829d2f4a798a6f9823e2baf1d3a4
src/lib/geo/buildings.ts,10167,ad5331fab9d1d608cd3c2e295d923d6ca2bdbdfebebc51f079bbcf2a80879f81
src/lib/geo/change.ts,2605,9ee8931b3d74ebac7bdd9fae006166c04a57b4d0a4a57db1906aaf6fe06118c9
src/lib/geo/crs.ts,4260,3a41999a2d33c9960e4166fe27ededbc3e1895e67a66a15c0cf9f8a59b11403e
src/lib/geo/embedding.ts,3884,a58cb6ae1593a66c8e12af40b823b75b20203b0f356a6a169bd539c0737b39f9
src/lib/geo/geometry.ts,3832,3b3623914f5f36a67dc435cdb7e5b900d53a27164bec0c01791587b2bac4a681
src/lib/geo/landcover.ts,3521,6c524881f6618538f70d1a1213eac07cadc8dc63a60949d3e994f58e4264fbf9
src/lib/geo/layer-registry.ts,2915,34964c3a95cb9e6c61afbeecb1d665fad559e0b9213b1a603f34ea02f18285f4
src/lib/geo/local-factors.ts,2121,a90e3ff6b9b2d17fb8adb775c7637c2e5bb59be270a65d0a5b36c4748bd597a1
src/lib/geo/map-capture.ts,1440,b09564ab52a4e6044e67befc04519d46f83f1d728ad654e493730fbeb278d16f
src/lib/geo/municipal-buildings.ts,6349,faf748dee54ab5fa2e64ea0a68e571676ff3a3bac4b99c08307b40bb6e37e032
src/lib/geo/municipality-boundary.json,25693,854643c5449e7f31759e712bb471b0a0a7e8a42ade60bb3058cc988dbd5ee960
src/lib/geo/municipality.ts,881,6c567d894310e8355105845987512af21c2587f8945a1d923c93fd09930395b7
src/lib/geo/raster-render.ts,9081,8fada5e54934e0447ef95f67fda17c3537412b2bf4ba85e18cab04091a8cac48
src/lib/geo/raster-subset.ts,4141,4921f2dbacb4e283bbef999a5ae15b80718e414e9c518976e7b116a7c6eefb3d
src/lib/geo/raster-values.ts,1051,bc84aae7ca84871561b65f041e578fe57ebc7594823091a772ecd107c74bb293
src/lib/geo/sampling.ts,2759,63d282b7e1eadd87646dcdda5d5e5491e1d6f894805bdd665793fd7840860402
src/lib/geo/stats-client.ts,1999,3d40a2f8c94828f06acd592cef4e1f04c1ed4db418737d50a5d4b381ca1cc82d
src/lib/geo/stats-worker.ts,735,edb975f880cc2af4c5362d5d633b6b958ba8810b4a32968764e0ab22114f5f48
src/lib/geo/stats.ts,7745,3e09d9b8b4cfea295cbac2fd330490f1fcebd3d2c03fb3892d7e70917b406509
src/lib/georaster.ts,6840,2e4bc2a562206068a7141aca3976c9d4d5c7d18511915cd3ad57447ade2a2c7d
src/lib/pdf-fonts.ts,874,211cd716172861f85c70a621fdc5f9ab6ae085deea9c49cd9b7ca7fe3d721c56
src/lib/place-context.ts,3545,97a891811d6c284a06f8554f507086300cb24877f9731fcb819a80f476e89288
src/lib/scenario-export.ts,4421,2353350bdf0f51139dc408515c74d41136afff03072a9efb8b35063500dbe893
src/lib/scenarios.ts,4846,7f9583d556ae55a2e92a0394420ce56098cddd83454a86d975e0b5f347b558bd
src/lib/utils.ts,169,d1f1e0d62cb8d8d1e04c26e14de842d8a151f75812d81b046c65b5d1fe8e4b27
src/main.tsx,161,c633525e3d3cf96bf7ccbb096074f6af64fc02f82b2339a4abb357ebc34441fd
src/pages/Index.tsx,206,bc40065274a47e1d5ac7a5af289a54af0bd6b0c81f07f3eeb52f243798151a2b
src/pages/NotFound.tsx,721,39e4568f7c7302db24bed7b919518dcd1de7eedbd7a2de56ea8df0ecf575985a
src/skills/README.md,833,8271d303c5c2fe9235f4de00daae15b8adb64361c019e14fc53e1041309df6d6
src/skills/agriculture.md,866,ef902a82946d057f84ce85fe482a2da5bf958c5cbf9e7461c8382b756b6a4362
src/skills/building.md,1513,fa770c08b4ec4e74f0d7af5c2c391182affcf51592475901d0910c79c451a8c5
src/skills/demolition.md,1507,2953b70848547c827b443880e7825d899d6a751f58efea2c3fd5e764326ffc23
src/skills/forest.md,1157,b0af71b4530e29d992b2f3f0599e669f6d6eb60394154fa53ddeefb81ee9dada
src/skills/landcover-codes.md,1414,60f3c0c36c75a356d2775ec744e95d3aac0425ccd44f1c7d48ebe39ba3b7907d
src/skills/parking.md,858,247b70138b6a9b7da3cf13971d70da65610a8dfc43cf49f304666b94d8f08395
src/skills/realism.md,3123,b1e45f386ffa8bf754c0c9c8b1b79d02fa7c6240c2813603bbcbc34759a6b923
src/skills/solar.md,1220,2ec519779c141b80270364e5fed663e7fb3626e37466603fe8d8b30279e345a4
src/skills/wetland.md,1215,b5128196a0d794515c1801ffc66254805f545ae2bad8a970c387ac7c30429260
src/vite-env.d.ts,38,65996936fbb042915f7b74a200fcdde7e410f32a669b1ab9597cfaa4b0faddb5
supabase/config.toml,35,b02a38628f0453261c25c6a24df722b718a2884286a0306114e1362112482857
supabase/functions/_shared/context-utils.ts,2162,3db12a7c645a4544b91cf2c8cb9ac297f18616be8de5c1c4151356267fdc3794
supabase/functions/municipal-stats/index.ts,11401,dc8a12706eaa89afee27ef976e954c2798c91c2d4a2e00a4a01b1d047b034bd6
supabase/functions/place-context/index.ts,12205,73beff5f5458b05d7713b8e0dac2918b7ec4909af38f69aabe7de24c23df546d
tailwind.config.ts,3070,5d4ac06e295e4569b5a8b4b8125f8cd356e2dd6ab9319f0eb199c5c946e88299
tests/analysis.test.ts,4387,be9173732006aae616dc0b8f31de9d82ee49c145ee7d257e06ba8ee123be17e0
tests/buildings.test.ts,10083,f5765d1bbff67c8906a0e278c096f2dc2a501487433d7deca1dc9d5170f741b2
tests/context-utils.test.ts,1522,9ceb9ebea9f04fc06ecf8eeeb07ba5462490aec134cdc184ac4a043504044999
tests/costs.test.ts,6372,625096ef5bda365ed611b6f203095ebd8d4bb7981766485ac01041bb58288204
tests/e2e/planning.spec.ts,19101,7de134bb5eab0107156bea9de2bde7d5d0dea63be67a03e7a74caa1bf1f2223a
tests/fixtures/municipal-buildings.json,225638,910cb4ffc301433d2e4f5745c87426c9909f9cb072ca255905ce16e2218c4a17
tests/fixtures/sonegarden-osm.json,3933,73649f71b4b9454e18de9c93be7a616c93102f4b36e51a3f68f75111efb7c539
tests/fixtures.ts,1570,3a78d4caeac5841bc9d8ef536cce98706e7d1637fbaafbf867554dba97772974
tests/geodata.test.ts,4130,5ec4741ba48c8b1c399a5dbf4563bae1b4e2d8eaf7e656c7a3955bd0bc2f063a
tests/gis-tools.test.ts,3279,0c83f482c2c6a6f01b97d603b6471972b7ed3512c8467102e2b2b09e174753a4
tests/municipal-buildings.test.ts,7775,7511068213742d9749f90dfecf0b0b254b018cd916e48b1c912e72faff073afc
tests/municipal-data.test.ts,2900,8b80f111e89065b330554cd8cb452b340057114507f0587d9e8d8679c9c6f4ff
tests/planning-realism.test.ts,5631,7c3f1f4c705747be4966286716db552907c559a248a5b7c85d88a982674eac5a
tests/scenarios-export.test.ts,2509,3cf1ed6d112a3c92539183df170fe5c134a4ab4c190defcfa83717d3f01ac51d
tsconfig.app.json,635,962b2e82e5daaa4a07e8dfd21c3b7eb99e28a09993293b0bb797838eb5bcb567
tsconfig.json,396,ba082fa3f7b61a3b1527d448c0560635d16f67d48c58db79a12cf5122a0ee3f7
tsconfig.node.json,481,a96b9ba5e40d95b92adf56431fdf9cbe25b5c2557621f0666615bff6889dfc50
tsconfig.tests.json,256,e51dde4fdbfa7cebd6c824f0bb6ab5c85e05d4a48496cc6e13db8232bac508bd
vite.config.ts,454,fc927a322078d1af31b6d0fa1dd572b769e994882580429eb1efb0b721f9ab75
vitest.config.ts,256,27e959a769b87b6da99dd8ac5daa7d549d6d14d020bbdf93ac9c4be213ccae2e
